acceptance_backward_accepted,acceptance_backward_latency_vs_flex,acceptance_backward_latency_vs_flex_ci95,acceptance_backward_sdpa_speedup,acceptance_backward_sdpa_speedup_ci95,acceptance_forward_accepted,acceptance_forward_latency_vs_flex,acceptance_forward_latency_vs_flex_ci95,acceptance_forward_sdpa_speedup,acceptance_forward_sdpa_speedup_ci95,accepted,accuracy_valid,anchor_distribution,backend,backward_bootstrap_median_ci95_ms,backward_effective_tflops,backward_iterations_per_round,backward_p50_ms,backward_p90_ms,backward_p99_ms,backward_qk_pairs_per_second,backward_query_tokens_per_second,backward_rounds,baseline_allocated_mib,baseline_reserved_mib,batch_size,block_size,context_len,dK_actual_inf,dK_actual_nan,dK_allclose,dK_context_actual_inf,dK_context_actual_nan,dK_context_allclose,dK_context_cosine,dK_context_max_abs,dK_context_mean_abs,dK_context_mismatch_count,dK_context_reference_inf,dK_context_reference_nan,dK_context_relative_l2,dK_context_rmse,dK_cosine,dK_draft_actual_inf,dK_draft_actual_nan,dK_draft_allclose,dK_draft_cosine,dK_draft_max_abs,dK_draft_mean_abs,dK_draft_mismatch_count,dK_draft_reference_inf,dK_draft_reference_nan,dK_draft_relative_l2,dK_draft_rmse,dK_max_abs,dK_mean_abs,dK_mismatch_count,dK_reference_inf,dK_reference_nan,dK_relative_l2,dK_rmse,dQ_actual_inf,dQ_actual_nan,dQ_allclose,dQ_cosine,dQ_max_abs,dQ_mean_abs,dQ_mismatch_count,dQ_reference_inf,dQ_reference_nan,dQ_relative_l2,dQ_rmse,dV_actual_inf,dV_actual_nan,dV_allclose,dV_context_actual_inf,dV_context_actual_nan,dV_context_allclose,dV_context_cosine,dV_context_max_abs,dV_context_mean_abs,dV_context_mismatch_count,dV_context_reference_inf,dV_context_reference_nan,dV_context_relative_l2,dV_context_rmse,dV_cosine,dV_draft_actual_inf,dV_draft_actual_nan,dV_draft_allclose,dV_draft_cosine,dV_draft_max_abs,dV_draft_mean_abs,dV_draft_mismatch_count,dV_draft_reference_inf,dV_draft_reference_nan,dV_draft_relative_l2,dV_draft_rmse,dV_max_abs,dV_mean_abs,dV_mismatch_count,dV_reference_inf,dV_reference_nan,dV_relative_l2,dV_rmse,dtype,forward_backward_bootstrap_median_ci95_ms,forward_backward_effective_tflops,forward_backward_iterations_per_round,forward_backward_p50_ms,forward_backward_p90_ms,forward_backward_p99_ms,forward_backward_qk_pairs_per_second,forward_backward_query_tokens_per_second,forward_backward_rounds,forward_bootstrap_median_ci95_ms,forward_effective_tflops,forward_iterations_per_round,forward_p50_ms,forward_p90_ms,forward_p99_ms,forward_qk_pairs_per_second,forward_query_tokens_per_second,forward_rounds,head_dim,kv_heads,memory_not_above_sdpa,num_anchors,output_actual_inf,output_actual_nan,output_allclose,output_cosine,output_max_abs,output_mean_abs,output_mismatch_count,output_reference_inf,output_reference_nan,output_relative_l2,output_rmse,peak_allocated_delta_mib,peak_allocated_mib,peak_reserved_delta_mib,peak_reserved_mib,query_heads,repeat_drift,status
,,,,,,,,,,,True,uniform,flex,"[0.6816943008287818, 0.6905743759290307]",13.321398415494373,452,0.6851236799121958,0.6895803941034637,0.690474977746474,13009178140.131224,1494620.6502908117,5,116.134765625,298.0,1,16,512,0.0,0.0,True,0.0,0.0,True,0.9999918937683105,0.015625,0.0006362441927194595,0,0.0,0.0,0.0040502590127289295,0.0012204392114654183,0.9999920129776001,0.0,0.0,True,0.999991774559021,0.015625,0.00020641449373215437,0,0.0,0.0,0.0040300702676177025,0.0005355336470529437,0.015625,0.00034969107946380973,0,0.0,0.0,0.004044616129249334,0.0008292697020806372,0.0,0.0,True,0.9999932050704956,0.015625,0.0002522116410546005,0,0.0,0.0,0.0036765120457857847,0.0004605857247952372,0.0,0.0,True,0.0,0.0,True,0.9999964237213135,0.015625,0.00032053765607997775,0,0.0,0.0,0.0026717567816376686,0.0008379851933568716,0.9999963045120239,0.0,0.0,True,0.9999964833259583,0.015625,0.00011402217205613852,0,0.0,0.0,0.0026919988449662924,0.00040690996684134007,0.015625,0.0001828606764320284,0,0.0,0.0,0.0026781936176121235,0.0005869044689461589,bfloat16,"[0.7969041770126777, 0.8016033320463904]",17.130586309000865,387,0.799167524628553,0.8010025379269622,0.8015432526344476,11152725461.589104,1281333.348068601,5,"[0.11144878025161488, 0.12592536457424058]",40.566331098174516,895,0.11249237060546875,0.12155069532341131,0.12548789764915766,79231115426.1221,9102839.548037926,5,128,8,,64,0.0,0.0,True,0.9999989867210388,0.00390625,7.874770381022245e-05,0,0.0,0.0,0.0014633265091106296,0.0001961583038792014,22.25,138.384765625,0.0,298.0,32,"[{""output"":{""max_abs"":0.0,""mean_abs"":0.0,""rmse"":0.0,""relative_l2"":0.0,""cosine"":1.0,""actual_nan"":0.0,""reference_nan"":0.0,""actual_inf"":0.0,""reference_inf"":0.0,""allclose"":true,""mismatch_count"":0},""dQ"":{""max_abs"":0.0,""mean_abs"":0.0,""rmse"":0.0,""relative_l2"":0.0,""cosine"":0.9999998807907104,""actual_nan"":0.0,""reference_nan"":0.0,""actual_inf"":0.0,""reference_inf"":0.0,""allclose"":true,""mismatch_count"":0},""dK"":{""max_abs"":0.0,""mean_abs"":0.0,""rmse"":0.0,""relative_l2"":0.0,""cosine"":1.0000001192092896,""actual_nan"":0.0,""reference_nan"":0.0,""actual_inf"":0.0,""reference_inf"":0.0,""allclose"":true,""mismatch_count"":0},""dV"":{""max_abs"":0.0,""mean_abs"":0.0,""rmse"":0.0,""relative_l2"":0.0,""cosine"":0.9999999403953552,""actual_nan"":0.0,""reference_nan"":0.0,""actual_inf"":0.0,""reference_inf"":0.0,""allclose"":true,""mismatch_count"":0}},{""output"":{""max_abs"":0.0,""mean_abs"":0.0,""rmse"":0.0,""relative_l2"":0.0,""cosine"":1.0,""actual_nan"":0.0,""reference_nan"":0.0,""actual_inf"":0.0,""reference_inf"":0.0,""allclose"":true,""mismatch_count"":0},""dQ"":{""max_abs"":0.0,""mean_abs"":0.0,""rmse"":0.0,""relative_l2"":0.0,""cosine"":0.9999998807907104,""actual_nan"":0.0,""reference_nan"":0.0,""actual_inf"":0.0,""reference_inf"":0.0,""allclose"":true,""mismatch_count"":0},""dK"":{""max_abs"":0.0,""mean_abs"":0.0,""rmse"":0.0,""relative_l2"":0.0,""cosine"":1.0000001192092896,""actual_nan"":0.0,""reference_nan"":0.0,""actual_inf"":0.0,""reference_inf"":0.0,""allclose"":true,""mismatch_count"":0},""dV"":{""max_abs"":0.0,""mean_abs"":0.0,""rmse"":0.0,""relative_l2"":0.0,""cosine"":0.9999999403953552,""actual_nan"":0.0,""reference_nan"":0.0,""actual_inf"":0.0,""reference_inf"":0.0,""allclose"":true,""mismatch_count"":0}}]",ok
,,,,,,,,,,,True,uniform,sdpa,"[2.4693406699360283, 2.496152352595675]",3.6724362684780676,138,2.485218213952106,2.491836901678555,2.4957208075039627,3586363543.4356127,412036.25269251066,5,143.634765625,378.0,1,16,512,0.0,0.0,True,0.0,0.0,True,1.0000001192092896,0.0,0.0,0,0.0,0.0,0.0,0.0,1.000000238418579,0.0,0.0,True,1.0,0.0,0.0,0,0.0,0.0,0.0,0.0,0.0,0.0,0,0.0,0.0,0.0,0.0,0.0,0.0,True,0.9999998807907104,0.0,0.0,0,0.0,0.0,0.0,0.0,0.0,0.0,True,0.0,0.0,True,1.0,0.0,0.0,0,0.0,0.0,0.0,0.0,0.9999998807907104,0.0,0.0,True,1.0,0.0,0.0,0,0.0,0.0,0.0,0.0,0.0,0.0,0,0.0,0.0,0.0,0.0,bfloat16,"[3.3473888836075774, 3.3567664222379703]",4.083586604866393,113,3.3524961218369747,3.3562272603532906,3.356712506049502,2658585029.2098913,305444.05206915113,5,"[0.8574729866081184, 0.8622241253619427]",5.3139210841775775,286,0.8587637414465418,0.8613237287614728,0.8621340857018958,10378752117.53433,1192411.778209367,5,128,8,,64,0.0,0.0,True,1.0,0.0,0.0,0,0.0,0.0,0.0,0.0,103.265625,246.900390625,0.0,378.0,32,"[{""output"":{""max_abs"":0.0,""mean_abs"":0.0,""rmse"":0.0,""relative_l2"":0.0,""cosine"":1.0,""actual_nan"":0.0,""reference_nan"":0.0,""actual_inf"":0.0,""reference_inf"":0.0,""allclose"":true,""mismatch_count"":0},""dQ"":{""max_abs"":0.0,""mean_abs"":0.0,""rmse"":0.0,""relative_l2"":0.0,""cosine"":0.9999998807907104,""actual_nan"":0.0,""reference_nan"":0.0,""actual_inf"":0.0,""reference_inf"":0.0,""allclose"":true,""mismatch_count"":0},""dK"":{""max_abs"":0.0,""mean_abs"":0.0,""rmse"":0.0,""relative_l2"":0.0,""cosine"":1.000000238418579,""actual_nan"":0.0,""reference_nan"":0.0,""actual_inf"":0.0,""reference_inf"":0.0,""allclose"":true,""mismatch_count"":0},""dV"":{""max_abs"":0.0,""mean_abs"":0.0,""rmse"":0.0,""relative_l2"":0.0,""cosine"":0.9999998807907104,""actual_nan"":0.0,""reference_nan"":0.0,""actual_inf"":0.0,""reference_inf"":0.0,""allclose"":true,""mismatch_count"":0}},{""output"":{""max_abs"":0.0,""mean_abs"":0.0,""rmse"":0.0,""relative_l2"":0.0,""cosine"":1.0,""actual_nan"":0.0,""reference_nan"":0.0,""actual_inf"":0.0,""reference_inf"":0.0,""allclose"":true,""mismatch_count"":0},""dQ"":{""max_abs"":0.0,""mean_abs"":0.0,""rmse"":0.0,""relative_l2"":0.0,""cosine"":0.9999998807907104,""actual_nan"":0.0,""reference_nan"":0.0,""actual_inf"":0.0,""reference_inf"":0.0,""allclose"":true,""mismatch_count"":0},""dK"":{""max_abs"":0.0,""mean_abs"":0.0,""rmse"":0.0,""relative_l2"":0.0,""cosine"":1.000000238418579,""actual_nan"":0.0,""reference_nan"":0.0,""actual_inf"":0.0,""reference_inf"":0.0,""allclose"":true,""mismatch_count"":0},""dV"":{""max_abs"":0.0,""mean_abs"":0.0,""rmse"":0.0,""relative_l2"":0.0,""cosine"":0.9999998807907104,""actual_nan"":0.0,""reference_nan"":0.0,""actual_inf"":0.0,""reference_inf"":0.0,""allclose"":true,""mismatch_count"":0}}]",ok
True,0.6074034308164101,"[0.6026092021621702, 0.6104590770471373]",5.971979509480723,"[5.933825770307007, 5.998254245263128]",True,0.7362197431602078,"[0.6576840533649142, 1.079231897367753]",10.369150328265793,"[7.073524429814102, 10.422545480808244]",True,True,uniform,triton,"[0.41591828127941455, 0.4166358580072242]",21.931714145224866,664,0.41614647371223173,0.41650501848703403,0.41662277405520515,21417689594.94616,2460672.058242895,5,83.12646484375,276.0,1,16,512,0.0,0.0,True,0.0,0.0,True,0.9999920725822449,0.015625,0.0006219247588887811,0,0.0,0.0,0.003989097196608782,0.00120200973469764,0.9999921321868896,0.0,0.0,True,0.9999921321868896,0.015625,0.00019940035417675972,0,0.0,0.0,0.003991952631622553,0.0005304684164002538,0.015625,0.0003402417933102697,0,0.0,0.0,0.0039898972027003765,0.0008180507575161755,0.0,0.0,True,0.9999936819076538,0.015625,0.00023703629267401993,0,0.0,0.0,0.0035527278669178486,0.0004450783017091453,0.0,0.0,True,0.0,0.0,True,0.9999964237213135,0.015625,0.00032044859835878015,0,0.0,0.0,0.002671595197170973,0.000837934494484216,0.9999964237213135,0.0,0.0,True,0.9999964237213135,0.015625,0.00011400035145925358,0,0.0,0.0,0.0026921737007796764,0.0004069363931193948,0.015625,0.00018281643860973418,0,0.0,0.0,0.002678139368072152,0.0005868925945833325,bfloat16,"[0.4990252603225855, 0.5268756373998976]",27.23871796485131,519,0.5026010502280528,0.5245115188275229,0.5266392255426602,17733540341.700073,2037401.2341107621,5,"[0.08251085451671056, 0.12140535456793648]",55.10084655437844,896,0.08281910419464111,0.10632376841136387,0.11989719595227923,107618840926.5204,12364296.981447656,5,128,8,True,64,0.0,0.0,True,0.9999995231628418,0.00390625,3.6594159610103816e-05,0,0.0,0.0,0.001000553136691451,0.00013412372209131718,23.25048828125,106.376953125,0.0,276.0,32,"[{""output"":{""max_abs"":0.0,""mean_abs"":0.0,""rmse"":0.0,""relative_l2"":0.0,""cosine"":1.0,""actual_nan"":0.0,""reference_nan"":0.0,""actual_inf"":0.0,""reference_inf"":0.0,""allclose"":true,""mismatch_count"":0},""dQ"":{""max_abs"":0.0,""mean_abs"":0.0,""rmse"":0.0,""relative_l2"":0.0,""cosine"":1.0,""actual_nan"":0.0,""reference_nan"":0.0,""actual_inf"":0.0,""reference_inf"":0.0,""allclose"":true,""mismatch_count"":0},""dK"":{""max_abs"":0.0,""mean_abs"":0.0,""rmse"":0.0,""relative_l2"":0.0,""cosine"":1.0,""actual_nan"":0.0,""reference_nan"":0.0,""actual_inf"":0.0,""reference_inf"":0.0,""allclose"":true,""mismatch_count"":0},""dV"":{""max_abs"":0.0,""mean_abs"":0.0,""rmse"":0.0,""relative_l2"":0.0,""cosine"":1.0000001192092896,""actual_nan"":0.0,""reference_nan"":0.0,""actual_inf"":0.0,""reference_inf"":0.0,""allclose"":true,""mismatch_count"":0}},{""output"":{""max_abs"":0.0,""mean_abs"":0.0,""rmse"":0.0,""relative_l2"":0.0,""cosine"":1.0,""actual_nan"":0.0,""reference_nan"":0.0,""actual_inf"":0.0,""reference_inf"":0.0,""allclose"":true,""mismatch_count"":0},""dQ"":{""max_abs"":0.0,""mean_abs"":0.0,""rmse"":0.0,""relative_l2"":0.0,""cosine"":1.0,""actual_nan"":0.0,""reference_nan"":0.0,""actual_inf"":0.0,""reference_inf"":0.0,""allclose"":true,""mismatch_count"":0},""dK"":{""max_abs"":0.0,""mean_abs"":0.0,""rmse"":0.0,""relative_l2"":0.0,""cosine"":1.0,""actual_nan"":0.0,""reference_nan"":0.0,""actual_inf"":0.0,""reference_inf"":0.0,""allclose"":true,""mismatch_count"":0},""dV"":{""max_abs"":0.0,""mean_abs"":0.0,""rmse"":0.0,""relative_l2"":0.0,""cosine"":1.0000001192092896,""actual_nan"":0.0,""reference_nan"":0.0,""actual_inf"":0.0,""reference_inf"":0.0,""allclose"":true,""mismatch_count"":0}}]",ok
True,0.5150939105286775,"[0.5010820161454743, 0.5200140680835842]",7.042212630898381,"[6.984342154119772, 7.239135961668167]",True,1.0269107841582235,"[0.9173658452437803, 1.0764458995958426]",7.433920559830449,"[7.10061250430446, 7.694099821748967]",True,True,uniform,tilelang,"[0.3433031548394097, 0.3554093763563368]",25.862077076045562,900,0.3529030354817708,0.35540791151258677,0.3554092298719618,25255934644.575745,2901646.9030992356,5,83.12646484375,280.0,1,16,512,0.0,0.0,True,0.0,0.0,True,0.9999920129776001,0.015625,0.0006242649396881461,0,0.0,0.0,0.004005205351859331,0.0012068634387105703,0.9999920129776001,0.0,0.0,True,0.9999918937683105,0.015625,0.00020136547391302884,0,0.0,0.0,0.0040264371782541275,0.0005350508727133274,0.015625,0.00034233200130984187,0,0.0,0.0,0.004011163022369146,0.0008224108023568988,0.0,0.0,True,0.9999935626983643,0.015625,0.00023955482174642384,0,0.0,0.0,0.003579481737688184,0.00044842998613603413,0.0,0.0,True,0.0,0.0,True,0.999996542930603,0.015625,0.00032054452458396554,0,0.0,0.0,0.0026725544594228268,0.0008382353698834777,0.9999964833259583,0.0,0.0,True,0.9999964237213135,0.015625,0.00011402342352084816,0,0.0,0.0,0.002692281035706401,0.0004069526039529592,0.015625,0.00018286379054188728,0,0.0,0.0,0.002678826916962862,0.0005870432360097766,bfloat16,"[0.47312746549907486, 0.49804270894903885]",28.09580602711808,608,0.48726874903628703,0.49441244225752984,0.4976796822798879,18291540382.23833,2101509.694650544,5,"[0.11177046747299481, 0.12094220617248874]",39.503267200984205,1973,0.1155196285102794,0.12055275671021684,0.12090326122626156,77154818751.92227,8864294.4338146,5,128,8,True,64,0.0,0.0,True,0.9999995231628418,0.00390625,3.6594261473510414e-05,0,0.0,0.0,0.0010006055235862732,0.00013413075066637248,51.25048828125,134.376953125,0.0,280.0,32,"[{""output"":{""max_abs"":0.0,""mean_abs"":0.0,""rmse"":0.0,""relative_l2"":0.0,""cosine"":1.0,""actual_nan"":0.0,""reference_nan"":0.0,""actual_inf"":0.0,""reference_inf"":0.0,""allclose"":true,""mismatch_count"":0},""dQ"":{""max_abs"":0.0,""mean_abs"":0.0,""rmse"":0.0,""relative_l2"":0.0,""cosine"":0.9999998807907104,""actual_nan"":0.0,""reference_nan"":0.0,""actual_inf"":0.0,""reference_inf"":0.0,""allclose"":true,""mismatch_count"":0},""dK"":{""max_abs"":0.00390625,""mean_abs"":8.508910909199585e-09,""rmse"":3.762294227271923e-06,""relative_l2"":1.8349217498325743e-05,""cosine"":1.0,""actual_nan"":0.0,""reference_nan"":0.0,""actual_inf"":0.0,""reference_inf"":0.0,""allclose"":true,""mismatch_count"":0},""dV"":{""max_abs"":0.001953125,""mean_abs"":6.184727396885137e-09,""rmse"":2.6348043320467696e-06,""relative_l2"":1.2023213457723614e-05,""cosine"":1.0,""actual_nan"":0.0,""reference_nan"":0.0,""actual_inf"":0.0,""reference_inf"":0.0,""allclose"":true,""mismatch_count"":0}},{""output"":{""max_abs"":0.0,""mean_abs"":0.0,""rmse"":0.0,""relative_l2"":0.0,""cosine"":1.0,""actual_nan"":0.0,""reference_nan"":0.0,""actual_inf"":0.0,""reference_inf"":0.0,""allclose"":true,""mismatch_count"":0},""dQ"":{""max_abs"":0.0,""mean_abs"":0.0,""rmse"":0.0,""relative_l2"":0.0,""cosine"":0.9999998807907104,""actual_nan"":0.0,""reference_nan"":0.0,""actual_inf"":0.0,""reference_inf"":0.0,""allclose"":true,""mismatch_count"":0},""dK"":{""max_abs"":0.001953125,""mean_abs"":4.836929967666492e-09,""rmse"":2.1780333554488607e-06,""relative_l2"":1.062256342265755e-05,""cosine"":1.0,""actual_nan"":0.0,""reference_nan"":0.0,""actual_inf"":0.0,""reference_inf"":0.0,""allclose"":true,""mismatch_count"":0},""dV"":{""max_abs"":0.001953125,""mean_abs"":4.461888636342337e-09,""rmse"":2.152110027964227e-06,""relative_l2"":9.820569175644778e-06,""cosine"":1.0000001192092896,""actual_nan"":0.0,""reference_nan"":0.0,""actual_inf"":0.0,""reference_inf"":0.0,""allclose"":true,""mismatch_count"":0}}]",ok
,,,,,,,,,,,True,uniform,flex,"[1.25576845149404, 1.2768363821547466]",27.59243617560359,291,1.2647164990402169,1.2725224340904209,1.2764049873483139,26945738452.73788,809667.6217769795,5,152.13671875,380.0,1,16,2048,0.0,0.0,True,0.0,0.0,True,0.9999919533729553,0.015625,0.00018089977675117552,0,0.0,0.0,0.004023084882646799,0.00038170881452970207,0.999991774559021,0.0,0.0,True,0.9999918341636658,0.015625,8.301270281663164e-05,0,0.0,0.0,0.004074037075042725,0.0003572580753825605,0.015625,0.00014827074483036995,0,0.0,0.0,0.004038400948047638,0.00037373637314885855,0.0,0.0,True,0.9999933242797852,0.015625,0.00014745607040822506,0,0.0,0.0,0.003651881590485573,0.00029299978632479906,0.0,0.0,True,0.0,0.0,True,0.9999966025352478,0.0078125,9.038600546773523e-05,0,0.0,0.0,0.0026834856253117323,0.0002572168887127191,0.9999963045120239,0.0,0.0,True,0.9999964833259583,0.015625,4.581124449032359e-05,0,0.0,0.0,0.0026918586809188128,0.0002765942772384733,0.015625,7.552775059593841e-05,0,0.0,0.0,0.002686543855816126,0.00026383419753983617,bfloat16,"[1.5654013406282687, 1.5887859775431485]",33.32537600008616,239,1.5707223804425994,1.5822222210872123,1.5881296018975548,21696208333.389423,651929.336940788,5,"[0.3039209489991679, 0.3089251095021265]",57.066111498644815,845,0.3057559763891457,0.3083098751271265,0.3088635860646265,111457249020.79065,3349075.9922112576,5,128,8,,64,0.0,0.0,True,0.999998927116394,0.00390625,4.850735786021687e-05,0,0.0,0.0,0.0014520776458084583,0.0001237448595929891,28.25,180.38671875,0.0,380.0,32,"[{""output"":{""max_abs"":0.0,""mean_abs"":0.0,""rmse"":0.0,""relative_l2"":0.0,""cosine"":1.0,""actual_nan"":0.0,""reference_nan"":0.0,""actual_inf"":0.0,""reference_inf"":0.0,""allclose"":true,""mismatch_count"":0},""dQ"":{""max_abs"":0.0,""mean_abs"":0.0,""rmse"":0.0,""relative_l2"":0.0,""cosine"":1.0000001192092896,""actual_nan"":0.0,""reference_nan"":0.0,""actual_inf"":0.0,""reference_inf"":0.0,""allclose"":true,""mismatch_count"":0},""dK"":{""max_abs"":0.0,""mean_abs"":0.0,""rmse"":0.0,""relative_l2"":0.0,""cosine"":0.9999998807907104,""actual_nan"":0.0,""reference_nan"":0.0,""actual_inf"":0.0,""reference_inf"":0.0,""allclose"":true,""mismatch_count"":0},""dV"":{""max_abs"":0.0,""mean_abs"":0.0,""rmse"":0.0,""relative_l2"":0.0,""cosine"":1.0,""actual_nan"":0.0,""reference_nan"":0.0,""actual_inf"":0.0,""reference_inf"":0.0,""allclose"":true,""mismatch_count"":0}},{""output"":{""max_abs"":0.0,""mean_abs"":0.0,""rmse"":0.0,""relative_l2"":0.0,""cosine"":1.0,""actual_nan"":0.0,""reference_nan"":0.0,""actual_inf"":0.0,""reference_inf"":0.0,""allclose"":true,""mismatch_count"":0},""dQ"":{""max_abs"":0.0,""mean_abs"":0.0,""rmse"":0.0,""relative_l2"":0.0,""cosine"":1.0000001192092896,""actual_nan"":0.0,""reference_nan"":0.0,""actual_inf"":0.0,""reference_inf"":0.0,""allclose"":true,""mismatch_count"":0},""dK"":{""max_abs"":0.0,""mean_abs"":0.0,""rmse"":0.0,""relative_l2"":0.0,""cosine"":0.9999998807907104,""actual_nan"":0.0,""reference_nan"":0.0,""actual_inf"":0.0,""reference_inf"":0.0,""allclose"":true,""mismatch_count"":0},""dV"":{""max_abs"":0.0,""mean_abs"":0.0,""rmse"":0.0,""relative_l2"":0.0,""cosine"":1.0,""actual_nan"":0.0,""reference_nan"":0.0,""actual_inf"":0.0,""reference_inf"":0.0,""allclose"":true,""mismatch_count"":0}}]",ok
,,,,,,,,,,,True,uniform,sdpa,"[4.809032287597656, 4.824350891113281]",7.241749528140171,100,4.818809204101562,4.824215393066407,4.824337341308594,7072021023.574386,212500.63171798032,5,209.13671875,514.0,1,16,2048,0.0,0.0,True,0.0,0.0,True,1.0000001192092896,0.0,0.0,0,0.0,0.0,0.0,0.0,0.9999999403953552,0.0,0.0,True,1.0000001192092896,0.0,0.0,0,0.0,0.0,0.0,0.0,0.0,0.0,0,0.0,0.0,0.0,0.0,0.0,0.0,True,1.0,0.0,0.0,0,0.0,0.0,0.0,0.0,0.0,0.0,True,0.0,0.0,True,1.0,0.0,0.0,0,0.0,0.0,0.0,0.0,0.9999998807907104,0.0,0.0,True,1.0000001192092896,0.0,0.0,0,0.0,0.0,0.0,0.0,0.0,0.0,0,0.0,0.0,0.0,0.0,bfloat16,"[6.532460327148438, 6.643658447265625]",7.996063496295003,100,6.54633544921875,6.60865185546875,6.640157788085938,5205770505.400393,156423.39259015603,5,"[1.729327472536845, 1.7508183774989765]",10.035595219697328,229,1.7386417305625683,1.7466087641153794,1.7503974161606166,19600771913.471344,588965.5022076726,5,128,8,,64,0.0,0.0,True,0.9999999403953552,0.0,0.0,0,0.0,0.0,0.0,0.0,154.265625,363.40234375,0.0,514.0,32,"[{""output"":{""max_abs"":0.0,""mean_abs"":0.0,""rmse"":0.0,""relative_l2"":0.0,""cosine"":0.9999999403953552,""actual_nan"":0.0,""reference_nan"":0.0,""actual_inf"":0.0,""reference_inf"":0.0,""allclose"":true,""mismatch_count"":0},""dQ"":{""max_abs"":0.0,""mean_abs"":0.0,""rmse"":0.0,""relative_l2"":0.0,""cosine"":1.0,""actual_nan"":0.0,""reference_nan"":0.0,""actual_inf"":0.0,""reference_inf"":0.0,""allclose"":true,""mismatch_count"":0},""dK"":{""max_abs"":0.0,""mean_abs"":0.0,""rmse"":0.0,""relative_l2"":0.0,""cosine"":0.9999999403953552,""actual_nan"":0.0,""reference_nan"":0.0,""actual_inf"":0.0,""reference_inf"":0.0,""allclose"":true,""mismatch_count"":0},""dV"":{""max_abs"":0.0,""mean_abs"":0.0,""rmse"":0.0,""relative_l2"":0.0,""cosine"":0.9999998807907104,""actual_nan"":0.0,""reference_nan"":0.0,""actual_inf"":0.0,""reference_inf"":0.0,""allclose"":true,""mismatch_count"":0}},{""output"":{""max_abs"":0.0,""mean_abs"":0.0,""rmse"":0.0,""relative_l2"":0.0,""cosine"":0.9999999403953552,""actual_nan"":0.0,""reference_nan"":0.0,""actual_inf"":0.0,""reference_inf"":0.0,""allclose"":true,""mismatch_count"":0},""dQ"":{""max_abs"":0.0001220703125,""mean_abs"":3.184297270308889e-11,""rmse"":5.974998629199035e-08,""relative_l2"":7.447100074386981e-07,""cosine"":1.0,""actual_nan"":0.0,""reference_nan"":0.0,""actual_inf"":0.0,""reference_inf"":0.0,""allclose"":true,""mismatch_count"":0},""dK"":{""max_abs"":0.0,""mean_abs"":0.0,""rmse"":0.0,""relative_l2"":0.0,""cosine"":0.9999999403953552,""actual_nan"":0.0,""reference_nan"":0.0,""actual_inf"":0.0,""reference_inf"":0.0,""allclose"":true,""mismatch_count"":0},""dV"":{""max_abs"":0.0,""mean_abs"":0.0,""rmse"":0.0,""relative_l2"":0.0,""cosine"":0.9999998807907104,""actual_nan"":0.0,""reference_nan"":0.0,""actual_inf"":0.0,""reference_inf"":0.0,""allclose"":true,""mismatch_count"":0}}]",ok
True,0.7191816005240356,"[0.7123550430588087, 0.7243061687899196]",5.297951509601256,"[5.283462160172717, 5.322419956856876]",True,0.8047880445219368,"[0.793936057087106, 0.8147319344886018]",7.065674531624949,"[6.98777186519282, 7.131019974069012]",True,True,uniform,triton,"[0.9053793656198602, 0.911874710886102]",38.3664378447644,380,0.909560835988898,0.9114146343030427,0.9118287032277961,37467224457.77773,1125818.0426014944,5,104.12646484375,340.0,1,16,2048,0.0,0.0,True,0.0,0.0,True,0.9999921321868896,0.0078125,0.00017774233128875494,0,0.0,0.0,0.003980573732405901,0.00037767537287436426,0.9999918937683105,0.0,0.0,True,0.9999918937683105,0.015625,8.039968088269234e-05,0,0.0,0.0,0.004063728265464306,0.0003563540813047439,0.015625,0.0001452947617508471,0,0.0,0.0,0.004005641210824251,0.0003707045689225197,0.0,0.0,True,0.9999936819076538,0.015625,0.00014103975263424218,0,0.0,0.0,0.003553517861291766,0.0002851078170351684,0.0,0.0,True,0.0,0.0,True,0.9999964833259583,0.0078125,9.041899465955794e-05,0,0.0,0.0,0.002684469800442457,0.00025731121422722936,0.9999963641166687,0.0,0.0,True,0.9999964833259583,0.015625,4.5791795855620876e-05,0,0.0,0.0,0.002690953901037574,0.0002765013196039945,0.015625,7.554326293757185e-05,0,0.0,0.0,0.002686837688088417,0.0002638630394358188,bfloat16,"[1.1545145930573582, 1.163497583553814]",45.248753533059904,313,1.1568255439733925,1.1624965289911142,1.163397478097544,29458823914.752544,885181.0070538626,5,"[0.2440456414886409, 0.24858949322261442]",70.9082495535125,467,0.24606875433911604,0.2482215309551492,0.2485526969958679,138492674909.2041,4161438.54895445,5,128,8,True,64,0.0,0.0,True,0.999999463558197,0.00390625,2.238455999759026e-05,0,0.0,0.0,0.001019527786411345,8.688331581652164e-05,28.25048828125,132.376953125,0.0,340.0,32,"[{""output"":{""max_abs"":0.0,""mean_abs"":0.0,""rmse"":0.0,""relative_l2"":0.0,""cosine"":1.0,""actual_nan"":0.0,""reference_nan"":0.0,""actual_inf"":0.0,""reference_inf"":0.0,""allclose"":true,""mismatch_count"":0},""dQ"":{""max_abs"":0.0,""mean_abs"":0.0,""rmse"":0.0,""relative_l2"":0.0,""cosine"":1.0,""actual_nan"":0.0,""reference_nan"":0.0,""actual_inf"":0.0,""reference_inf"":0.0,""allclose"":true,""mismatch_count"":0},""dK"":{""max_abs"":0.0,""mean_abs"":0.0,""rmse"":0.0,""relative_l2"":0.0,""cosine"":1.0,""actual_nan"":0.0,""reference_nan"":0.0,""actual_inf"":0.0,""reference_inf"":0.0,""allclose"":true,""mismatch_count"":0},""dV"":{""max_abs"":0.0,""mean_abs"":0.0,""rmse"":0.0,""relative_l2"":0.0,""cosine"":1.0000001192092896,""actual_nan"":0.0,""reference_nan"":0.0,""actual_inf"":0.0,""reference_inf"":0.0,""allclose"":true,""mismatch_count"":0}},{""output"":{""max_abs"":0.0,""mean_abs"":0.0,""rmse"":0.0,""relative_l2"":0.0,""cosine"":1.0,""actual_nan"":0.0,""reference_nan"":0.0,""actual_inf"":0.0,""reference_inf"":0.0,""allclose"":true,""mismatch_count"":0},""dQ"":{""max_abs"":0.0,""mean_abs"":0.0,""rmse"":0.0,""relative_l2"":0.0,""cosine"":1.0,""actual_nan"":0.0,""reference_nan"":0.0,""actual_inf"":0.0,""reference_inf"":0.0,""allclose"":true,""mismatch_count"":0},""dK"":{""max_abs"":0.0,""mean_abs"":0.0,""rmse"":0.0,""relative_l2"":0.0,""cosine"":1.0,""actual_nan"":0.0,""reference_nan"":0.0,""actual_inf"":0.0,""reference_inf"":0.0,""allclose"":true,""mismatch_count"":0},""dV"":{""max_abs"":0.0,""mean_abs"":0.0,""rmse"":0.0,""relative_l2"":0.0,""cosine"":1.0000001192092896,""actual_nan"":0.0,""reference_nan"":0.0,""actual_inf"":0.0,""reference_inf"":0.0,""allclose"":true,""mismatch_count"":0}}]",ok
True,0.6769881987875689,"[0.6705621461202922, 0.6839299420796947]",5.6281472158562025,"[5.5840380640821845, 5.648904604342229]",True,0.8870312908062955,"[0.8779316088786115, 0.8923870476889887]",6.410563469938118,"[6.376220775178365, 6.455460107735726]",True,True,uniform,tilelang,"[0.8530519705355647, 0.8627905960696632]",40.75763244473007,373,0.8561981446621565,0.8626869508472269,0.8627802315474196,39802375434.30671,1195984.8387712352,5,152.13720703125,514.0,1,16,2048,0.0,0.0,True,0.0,0.0,True,0.9999921321868896,0.009765625,0.00017821634537540376,0,0.0,0.0,0.004000712186098099,0.0003795861266553402,0.9999918341636658,0.0,0.0,True,0.9999915957450867,0.015625,8.133961819112301e-05,0,0.0,0.0,0.004108945839107037,0.00036031927447766066,0.015625,0.0001459241029806435,0,0.0,0.0,0.004033408593386412,0.0003732743498403579,0.0,0.0,True,0.9999935626983643,0.015625,0.00014228031795937568,0,0.0,0.0,0.003590656677260995,0.0002880875545088202,0.0,0.0,True,0.0,0.0,True,0.9999964237213135,0.0078125,9.041449084179476e-05,0,0.0,0.0,0.0026842751540243626,0.0002572925586719066,0.9999964237213135,0.0,0.0,True,0.9999964833259583,0.015625,4.579138112603687e-05,0,0.0,0.0,0.002690948313102126,0.00027650073752738535,0.015625,7.554011972388253e-05,0,0.0,0.0,0.002686711959540844,0.0002638507285155356,bfloat16,"[1.121311092376709, 1.1324748992919922]",46.46171424204099,320,1.1266246795654298,1.1311635208129882,1.1323437614440919,30248511876.32877,908909.6116685327,5,"[0.27017266845703125, 0.271511962890625]",64.3338201144773,1000,0.2712151184082031,0.27148826904296874,0.2715095935058594,125651992411.08849,3775600.733506264,5,128,8,True,64,0.0,0.0,True,0.999999463558197,0.00390625,2.238746492366772e-05,0,0.0,0.0,0.0010196485091000795,8.68936040205881e-05,68.25048828125,220.3876953125,0.0,514.0,32,"[{""output"":{""max_abs"":0.0,""mean_abs"":0.0,""rmse"":0.0,""relative_l2"":0.0,""cosine"":1.0,""actual_nan"":0.0,""reference_nan"":0.0,""actual_inf"":0.0,""reference_inf"":0.0,""allclose"":true,""mismatch_count"":0},""dQ"":{""max_abs"":0.0,""mean_abs"":0.0,""rmse"":0.0,""relative_l2"":0.0,""cosine"":1.0,""actual_nan"":0.0,""reference_nan"":0.0,""actual_inf"":0.0,""reference_inf"":0.0,""allclose"":true,""mismatch_count"":0},""dK"":{""max_abs"":0.001953125,""mean_abs"":4.620904547891769e-09,""rmse"":2.046977897407487e-06,""relative_l2"":2.211853461631108e-05,""cosine"":1.0,""actual_nan"":0.0,""reference_nan"":0.0,""actual_inf"":0.0,""reference_inf"":0.0,""allclose"":true,""mismatch_count"":0},""dV"":{""max_abs"":0.001953125,""mean_abs"":5.7189981639282905e-09,""rmse"":1.917125246109208e-06,""relative_l2"":1.9521587091730908e-05,""cosine"":1.0,""actual_nan"":0.0,""reference_nan"":0.0,""actual_inf"":0.0,""reference_inf"":0.0,""allclose"":true,""mismatch_count"":0}},{""output"":{""max_abs"":0.0,""mean_abs"":0.0,""rmse"":0.0,""relative_l2"":0.0,""cosine"":1.0,""actual_nan"":0.0,""reference_nan"":0.0,""actual_inf"":0.0,""reference_inf"":0.0,""allclose"":true,""mismatch_count"":0},""dQ"":{""max_abs"":0.0,""mean_abs"":0.0,""rmse"":0.0,""relative_l2"":0.0,""cosine"":1.0,""actual_nan"":0.0,""reference_nan"":0.0,""actual_inf"":0.0,""reference_inf"":0.0,""allclose"":true,""mismatch_count"":0},""dK"":{""max_abs"":0.0009765625,""mean_abs"":3.5638607620569474e-09,""rmse"":1.4149348999126232e-06,""relative_l2"":1.5289020666386932e-05,""cosine"":1.0,""actual_nan"":0.0,""reference_nan"":0.0,""actual_inf"":0.0,""reference_inf"":0.0,""allclose"":true,""mismatch_count"":0},""dV"":{""max_abs"":0.0009765625,""mean_abs"":4.698905708977463e-09,""rmse"":1.5383068330265814e-06,""relative_l2"":1.5664176316931844e-05,""cosine"":1.0,""actual_nan"":0.0,""reference_nan"":0.0,""actual_inf"":0.0,""reference_inf"":0.0,""allclose"":true,""mismatch_count"":0}}]",ok
,,,,,,,,,,,True,uniform,flex,"[4.394610900878906, 4.432850952148438]",31.284948000511722,100,4.410294189453125,4.426191162109375,4.4321849731445315,30551707031.74973,232184.0575734871,5,244.1376953125,636.0,1,16,8192,0.0,0.0,True,0.0,0.0,True,0.9999918937683105,0.0078125,4.783955591847189e-05,0,0.0,0.0,0.0040374877862632275,0.0001070214420906268,0.9999917149543762,0.0,0.0,True,0.9999916553497314,0.03125,4.061048093717545e-05,0,0.0,0.0,0.004098240286111832,0.00031288969330489635,0.03125,4.70363229396753e-05,0,0.0,0.0,0.004068528767675161,0.0001451162970624864,0.0,0.0,True,0.9999932050704956,0.015625,8.328452531713992e-05,0,0.0,0.0,0.0036832187324762344,0.00019738831906579435,0.0,0.0,True,0.0,0.0,True,0.9999964237213135,0.00390625,2.3696087737334892e-05,0,0.0,0.0,0.0026722298935055733,7.088393613230437e-05,0.999996542930603,0.0,0.0,True,0.9999964833259583,0.015625,2.2761078071198426e-05,0,0.0,0.0,0.0026040575467050076,0.00024439539993181825,0.015625,2.359219615755137e-05,0,0.0,0.0,0.0026308479718863964,0.000105369916127529,bfloat16,"[5.517802734375, 5.644832153320312]",37.184486555223586,100,5.565862426757812,5.632241333007812,5.643573071289062,24208650101.057022,183978.67598687546,5,"[1.1263805613798255, 1.1373466940487131]",60.80091030824556,340,1.134652620203355,1.1366429946001837,1.1372763241038601,118751777945.79211,902478.8571999036,5,128,8,,64,0.0,0.0,True,0.9999993443489075,0.001953125,2.657079130585771e-05,0,0.0,0.0,0.0011813086457550526,7.055693276925012e-05,52.25,296.3876953125,0.0,636.0,32,"[{""output"":{""max_abs"":0.0,""mean_abs"":0.0,""rmse"":0.0,""relative_l2"":0.0,""cosine"":1.0,""actual_nan"":0.0,""reference_nan"":0.0,""actual_inf"":0.0,""reference_inf"":0.0,""allclose"":true,""mismatch_count"":0},""dQ"":{""max_abs"":0.0,""mean_abs"":0.0,""rmse"":0.0,""relative_l2"":0.0,""cosine"":1.0000001192092896,""actual_nan"":0.0,""reference_nan"":0.0,""actual_inf"":0.0,""reference_inf"":0.0,""allclose"":true,""mismatch_count"":0},""dK"":{""max_abs"":0.0,""mean_abs"":0.0,""rmse"":0.0,""relative_l2"":0.0,""cosine"":1.0,""actual_nan"":0.0,""reference_nan"":0.0,""actual_inf"":0.0,""reference_inf"":0.0,""allclose"":true,""mismatch_count"":0},""dV"":{""max_abs"":0.0,""mean_abs"":0.0,""rmse"":0.0,""relative_l2"":0.0,""cosine"":1.0,""actual_nan"":0.0,""reference_nan"":0.0,""actual_inf"":0.0,""reference_inf"":0.0,""allclose"":true,""mismatch_count"":0}},{""output"":{""max_abs"":0.0,""mean_abs"":0.0,""rmse"":0.0,""relative_l2"":0.0,""cosine"":1.0,""actual_nan"":0.0,""reference_nan"":0.0,""actual_inf"":0.0,""reference_inf"":0.0,""allclose"":true,""mismatch_count"":0},""dQ"":{""max_abs"":0.0,""mean_abs"":0.0,""rmse"":0.0,""relative_l2"":0.0,""cosine"":1.0000001192092896,""actual_nan"":0.0,""reference_nan"":0.0,""actual_inf"":0.0,""reference_inf"":0.0,""allclose"":true,""mismatch_count"":0},""dK"":{""max_abs"":0.0,""mean_abs"":0.0,""rmse"":0.0,""relative_l2"":0.0,""cosine"":1.0,""actual_nan"":0.0,""reference_nan"":0.0,""actual_inf"":0.0,""reference_inf"":0.0,""allclose"":true,""mismatch_count"":0},""dV"":{""max_abs"":0.0,""mean_abs"":0.0,""rmse"":0.0,""relative_l2"":0.0,""cosine"":1.0,""actual_nan"":0.0,""reference_nan"":0.0,""actual_inf"":0.0,""reference_inf"":0.0,""allclose"":true,""mismatch_count"":0}}]",ok
,,,,,,,,,,,True,uniform,sdpa,"[14.155491943359374, 14.202540283203126]",9.727628937607497,100,14.1839111328125,14.196159912109376,14.20190224609375,9499637634.38232,72194.47375351349,5,415.1376953125,848.0,1,16,8192,0.0,0.0,True,0.0,0.0,True,1.0,0.0,0.0,0,0.0,0.0,0.0,0.0,1.0,0.0,0.0,True,1.0000001192092896,0.0,0.0,0,0.0,0.0,0.0,0.0,0.0,0.0,0,0.0,0.0,0.0,0.0,0.0,0.0,True,0.9999999403953552,0.000244140625,1.0428908847615048e-09,0,0.0,0.0,5.3895223572908435e-06,2.888312735649379e-07,0.0,0.0,True,0.0,0.0,True,1.0,0.0,0.0,0,0.0,0.0,0.0,0.0,1.0,0.0,0.0,True,1.0,0.0,0.0,0,0.0,0.0,0.0,0.0,0.0,0.0,0,0.0,0.0,0.0,0.0,bfloat16,"[19.33240966796875, 19.4112744140625]",10.68961309722299,100,19.361199951171876,19.40542431640625,19.410689404296875,6959383526.837884,52889.28385546787,5,"[5.178662109375, 5.240932006835937]",13.301948461284681,100,5.18630126953125,5.236650512695313,5.240503857421874,25980368088.446644,197443.21565271344,5,128,8,,64,0.0,0.0,True,1.0,0.0,0.0,0,0.0,0.0,0.0,0.0,359.265625,774.4033203125,0.0,848.0,32,"[{""output"":{""max_abs"":0.0,""mean_abs"":0.0,""rmse"":0.0,""relative_l2"":0.0,""cosine"":1.0,""actual_nan"":0.0,""reference_nan"":0.0,""actual_inf"":0.0,""reference_inf"":0.0,""allclose"":true,""mismatch_count"":0},""dQ"":{""max_abs"":0.000244140625,""mean_abs"":8.199286249954696e-10,""rmse"":2.8234541105121025e-07,""relative_l2"":5.2684977163153235e-06,""cosine"":0.9999999403953552,""actual_nan"":0.0,""reference_nan"":0.0,""actual_inf"":0.0,""reference_inf"":0.0,""allclose"":true,""mismatch_count"":0},""dK"":{""max_abs"":0.0,""mean_abs"":0.0,""rmse"":0.0,""relative_l2"":0.0,""cosine"":1.0,""actual_nan"":0.0,""reference_nan"":0.0,""actual_inf"":0.0,""reference_inf"":0.0,""allclose"":true,""mismatch_count"":0},""dV"":{""max_abs"":0.0,""mean_abs"":0.0,""rmse"":0.0,""relative_l2"":0.0,""cosine"":1.0,""actual_nan"":0.0,""reference_nan"":0.0,""actual_inf"":0.0,""reference_inf"":0.0,""allclose"":true,""mismatch_count"":0}},{""output"":{""max_abs"":0.0,""mean_abs"":0.0,""rmse"":0.0,""relative_l2"":0.0,""cosine"":1.0,""actual_nan"":0.0,""reference_nan"":0.0,""actual_inf"":0.0,""reference_inf"":0.0,""allclose"":true,""mismatch_count"":0},""dQ"":{""max_abs"":0.000244140625,""mean_abs"":9.129544897845676e-10,""rmse"":3.087483833041915e-07,""relative_l2"":5.761170996265719e-06,""cosine"":0.9999999403953552,""actual_nan"":0.0,""reference_nan"":0.0,""actual_inf"":0.0,""reference_inf"":0.0,""allclose"":true,""mismatch_count"":0},""dK"":{""max_abs"":0.0,""mean_abs"":0.0,""rmse"":0.0,""relative_l2"":0.0,""cosine"":1.0,""actual_nan"":0.0,""reference_nan"":0.0,""actual_inf"":0.0,""reference_inf"":0.0,""allclose"":true,""mismatch_count"":0},""dV"":{""max_abs"":0.0,""mean_abs"":0.0,""rmse"":0.0,""relative_l2"":0.0,""cosine"":1.0,""actual_nan"":0.0,""reference_nan"":0.0,""actual_inf"":0.0,""reference_inf"":0.0,""allclose"":true,""mismatch_count"":0}}]",ok
True,0.664417646418254,"[0.6596349827266326, 0.6682913821925065]",4.84046721572582,"[4.8155121257930675, 4.875562878341291]",True,0.7908625299832066,"[0.7885082818331411, 0.7991117257762095]",5.779547281958615,"[5.723714989568622, 5.842882486995149]",True,True,uniform,triton,"[2.90918433147928, 2.94546265533005]",47.086268959234864,138,2.9302772853685464,2.942554993560349,2.9451718891530794,45982684530.5028,349454.98336046026,5,200.12646484375,636.0,1,16,8192,0.0,0.0,True,0.0,0.0,True,0.9999920725822449,0.0078125,4.686105239670724e-05,0,0.0,0.0,0.003999779466539621,0.00010602191468933597,0.9999920129776001,0.0,0.0,True,0.9999920129776001,0.015625,3.9144721085904166e-05,0,0.0,0.0,0.004003031644970179,0.00030562077881768346,0.015625,4.600368265528232e-05,0,0.0,0.0,0.004001435358077288,0.00014272322005126625,0.0,0.0,True,0.9999936819076538,0.01220703125,7.973269384820014e-05,0,0.0,0.0,0.003545292653143406,0.00018999668827746063,0.0,0.0,True,0.0,0.0,True,0.9999963641166687,0.00390625,2.3695771233178675e-05,0,0.0,0.0,0.002672102302312851,7.088055281201378e-05,0.9999964833259583,0.0,0.0,True,0.9999966025352478,0.015625,2.2760756110074e-05,0,0.0,0.0,0.002604037756100297,0.000244393537286669,0.015625,2.3591879653395154e-05,0,0.0,0.0,0.002630785573273897,0.00010536741319810972,bfloat16,"[3.8177976702699565, 3.8728000149868502]",53.886087984792006,101,3.840763809657333,3.8628213108176053,3.8718021445699256,35082088531.76563,266613.6348778395,5,"[0.894682988034019, 0.9061075331289556]",76.87924007417145,395,0.8973542418660997,0.9037060855913766,0.9058673883751978,150154765769.86612,1141132.4003668085,5,128,8,True,64,0.0,0.0,True,0.9999997019767761,0.001953125,1.0494361049495637e-05,0,0.0,0.0,0.0008497806848026812,5.0755508709698915e-05,52.25048828125,252.376953125,0.0,636.0,32,"[{""output"":{""max_abs"":0.0,""mean_abs"":0.0,""rmse"":0.0,""relative_l2"":0.0,""cosine"":1.0,""actual_nan"":0.0,""reference_nan"":0.0,""actual_inf"":0.0,""reference_inf"":0.0,""allclose"":true,""mismatch_count"":0},""dQ"":{""max_abs"":0.0,""mean_abs"":0.0,""rmse"":0.0,""relative_l2"":0.0,""cosine"":0.9999999403953552,""actual_nan"":0.0,""reference_nan"":0.0,""actual_inf"":0.0,""reference_inf"":0.0,""allclose"":true,""mismatch_count"":0},""dK"":{""max_abs"":0.0,""mean_abs"":0.0,""rmse"":0.0,""relative_l2"":0.0,""cosine"":1.0,""actual_nan"":0.0,""reference_nan"":0.0,""actual_inf"":0.0,""reference_inf"":0.0,""allclose"":true,""mismatch_count"":0},""dV"":{""max_abs"":0.0,""mean_abs"":0.0,""rmse"":0.0,""relative_l2"":0.0,""cosine"":1.0,""actual_nan"":0.0,""reference_nan"":0.0,""actual_inf"":0.0,""reference_inf"":0.0,""allclose"":true,""mismatch_count"":0}},{""output"":{""max_abs"":0.0,""mean_abs"":0.0,""rmse"":0.0,""relative_l2"":0.0,""cosine"":1.0,""actual_nan"":0.0,""reference_nan"":0.0,""actual_inf"":0.0,""reference_inf"":0.0,""allclose"":true,""mismatch_count"":0},""dQ"":{""max_abs"":0.0,""mean_abs"":0.0,""rmse"":0.0,""relative_l2"":0.0,""cosine"":0.9999999403953552,""actual_nan"":0.0,""reference_nan"":0.0,""actual_inf"":0.0,""reference_inf"":0.0,""allclose"":true,""mismatch_count"":0},""dK"":{""max_abs"":0.0,""mean_abs"":0.0,""rmse"":0.0,""relative_l2"":0.0,""cosine"":1.0,""actual_nan"":0.0,""reference_nan"":0.0,""actual_inf"":0.0,""reference_inf"":0.0,""allclose"":true,""mismatch_count"":0},""dV"":{""max_abs"":0.0,""mean_abs"":0.0,""rmse"":0.0,""relative_l2"":0.0,""cosine"":1.0,""actual_nan"":0.0,""reference_nan"":0.0,""actual_inf"":0.0,""reference_inf"":0.0,""allclose"":true,""mismatch_count"":0}}]",ok
True,0.7820974973704713,"[0.775588815394421, 0.792523342779368]",4.112136716777959,"[4.058040516205466, 4.146645453366606]",True,0.9312785041440184,"[0.8984586633923201, 0.947588624364238]",4.908120787957643,"[4.828873358582619, 5.087409773877892]",True,True,uniform,tilelang,"[3.420574845938847, 3.4952610936658135]",40.001340121527555,116,3.44928004823882,3.4877105186725483,3.494506036166487,39063808712.42925,296873.5462702855,5,244.13818359375,848.0,1,16,8192,0.0,0.0,True,0.0,0.0,True,0.9999920129776001,0.0078125,4.688004992203787e-05,0,0.0,0.0,0.004004147369414568,0.00010613768245093524,0.999991774559021,0.0,0.0,True,0.9999915957450867,0.015625,4.040049680043012e-05,0,0.0,0.0,0.0041291010566055775,0.00031524585210718215,0.015625,4.616009755409323e-05,0,0.0,0.0,0.004068238660693169,0.00014510595065075904,0.0,0.0,True,0.9999934434890747,0.015625,8.060401160037145e-05,0,0.0,0.0,0.0036165013443678617,0.00019381284073460847,0.0,0.0,True,0.0,0.0,True,0.9999964237213135,0.00390625,2.3698725271970034e-05,0,0.0,0.0,0.00267222267575562,7.08837469574064e-05,0.9999966025352478,0.0,0.0,True,0.9999964833259583,0.015625,2.2761571017326787e-05,0,0.0,0.0,0.002604058478027582,0.0002443954872433096,0.015625,2.359459722356405e-05,0,0.0,0.0,0.0026308458764106035,0.00010536982881603763,bfloat16,"[4.468838500976562, 4.5500790405273435]",45.589726274415376,100,4.539701232910156,4.547207580566406,4.54979189453125,29680811376.57251,225565.5047465688,5,"[1.0194384765625, 1.0740189034598215]",65.28756976317254,350,1.0566775948660714,1.0713495047433037,1.0737519635881698,127514784693.69637,969075.1511862868,5,128,8,True,64,0.0,0.0,True,0.9999997019767761,0.001953125,1.0496492905076593e-05,0,0.0,0.0,0.0008499757386744022,5.076715751783922e-05,140.25048828125,384.388671875,0.0,848.0,32,"[{""output"":{""max_abs"":0.0,""mean_abs"":0.0,""rmse"":0.0,""relative_l2"":0.0,""cosine"":1.0,""actual_nan"":0.0,""reference_nan"":0.0,""actual_inf"":0.0,""reference_inf"":0.0,""allclose"":true,""mismatch_count"":0},""dQ"":{""max_abs"":0.0,""mean_abs"":0.0,""rmse"":0.0,""relative_l2"":0.0,""cosine"":1.0,""actual_nan"":0.0,""reference_nan"":0.0,""actual_inf"":0.0,""reference_inf"":0.0,""allclose"":true,""mismatch_count"":0},""dK"":{""max_abs"":0.0,""mean_abs"":0.0,""rmse"":0.0,""relative_l2"":0.0,""cosine"":1.0,""actual_nan"":0.0,""reference_nan"":0.0,""actual_inf"":0.0,""reference_inf"":0.0,""allclose"":true,""mismatch_count"":0},""dV"":{""max_abs"":0.0,""mean_abs"":0.0,""rmse"":0.0,""relative_l2"":0.0,""cosine"":1.0,""actual_nan"":0.0,""reference_nan"":0.0,""actual_inf"":0.0,""reference_inf"":0.0,""allclose"":true,""mismatch_count"":0}},{""output"":{""max_abs"":0.0,""mean_abs"":0.0,""rmse"":0.0,""relative_l2"":0.0,""cosine"":1.0,""actual_nan"":0.0,""reference_nan"":0.0,""actual_inf"":0.0,""reference_inf"":0.0,""allclose"":true,""mismatch_count"":0},""dQ"":{""max_abs"":0.0,""mean_abs"":0.0,""rmse"":0.0,""relative_l2"":0.0,""cosine"":1.0,""actual_nan"":0.0,""reference_nan"":0.0,""actual_inf"":0.0,""reference_inf"":0.0,""allclose"":true,""mismatch_count"":0},""dK"":{""max_abs"":0.0,""mean_abs"":0.0,""rmse"":0.0,""relative_l2"":0.0,""cosine"":1.0,""actual_nan"":0.0,""reference_nan"":0.0,""actual_inf"":0.0,""reference_inf"":0.0,""allclose"":true,""mismatch_count"":0},""dV"":{""max_abs"":0.0,""mean_abs"":0.0,""rmse"":0.0,""relative_l2"":0.0,""cosine"":1.0,""actual_nan"":0.0,""reference_nan"":0.0,""actual_inf"":0.0,""reference_inf"":0.0,""allclose"":true,""mismatch_count"":0}}]",ok
,,,,,,,,,,,True,uniform,flex,"[8.642904663085938, 8.6827783203125]",31.847339560989216,100,8.647968139648437,8.674911376953126,8.681991625976563,31100917540.02853,118409.31690130258,5,615.169921875,1332.0,1,16,16384,0.0,0.0,True,0.0,0.0,True,0.9999918937683105,0.00390625,2.4192238925024867e-05,0,0.0,0.0,0.004038776736706495,5.516282908502035e-05,0.9999918341636658,0.0,0.0,True,0.9999917149543762,0.015625,3.259533332311548e-05,0,0.0,0.0,0.004056221339851618,0.00031204530387185514,0.015625,2.4686540200491436e-05,0,0.0,0.0,0.0040503814816474915,9.269154543289915e-05,0.0,0.0,True,0.9999933242797852,0.015625,6.228018901310861e-05,0,0.0,0.0,0.003684388007968664,0.0001735680125420913,0.0,0.0,True,0.0,0.0,True,0.9999964237213135,0.001953125,1.198679910885403e-05,0,0.0,0.0,0.002671021968126297,3.6430043110158294e-05,0.9999963641166687,0.0,0.0,True,0.9999963045120239,0.015625,1.877426984719932e-05,0,0.0,0.0,0.002687412081286311,0.0002440141688566655,0.015625,1.2386062735458836e-05,0,0.0,0.0,0.0026830744463950396,6.893188401591033e-05,bfloat16,"[10.8843994140625, 10.952149658203124]",37.858467950421485,100,10.912279052734375,10.944361572265624,10.951370849609374,24647440071.888985,93839.2424764292,5,"[2.238502552967198, 2.2615307940552567]",60.918530540081015,151,2.260517246675807,2.2615016911992964,2.2615278837696606,118981504961.09573,452993.6683764914,5,128,8,,64,0.0,0.0,True,0.9999995827674866,0.001953125,1.8381797417532653e-05,0,0.0,0.0,0.000945699808653444,4.983210237696767e-05,84.25,699.419921875,0.0,1332.0,32,"[{""output"":{""max_abs"":0.0,""mean_abs"":0.0,""rmse"":0.0,""relative_l2"":0.0,""cosine"":1.0,""actual_nan"":0.0,""reference_nan"":0.0,""actual_inf"":0.0,""reference_inf"":0.0,""allclose"":true,""mismatch_count"":0},""dQ"":{""max_abs"":0.0,""mean_abs"":0.0,""rmse"":0.0,""relative_l2"":0.0,""cosine"":1.0,""actual_nan"":0.0,""reference_nan"":0.0,""actual_inf"":0.0,""reference_inf"":0.0,""allclose"":true,""mismatch_count"":0},""dK"":{""max_abs"":0.0,""mean_abs"":0.0,""rmse"":0.0,""relative_l2"":0.0,""cosine"":1.0000001192092896,""actual_nan"":0.0,""reference_nan"":0.0,""actual_inf"":0.0,""reference_inf"":0.0,""allclose"":true,""mismatch_count"":0},""dV"":{""max_abs"":0.0,""mean_abs"":0.0,""rmse"":0.0,""relative_l2"":0.0,""cosine"":1.0,""actual_nan"":0.0,""reference_nan"":0.0,""actual_inf"":0.0,""reference_inf"":0.0,""allclose"":true,""mismatch_count"":0}},{""output"":{""max_abs"":0.0,""mean_abs"":0.0,""rmse"":0.0,""relative_l2"":0.0,""cosine"":1.0,""actual_nan"":0.0,""reference_nan"":0.0,""actual_inf"":0.0,""reference_inf"":0.0,""allclose"":true,""mismatch_count"":0},""dQ"":{""max_abs"":0.0,""mean_abs"":0.0,""rmse"":0.0,""relative_l2"":0.0,""cosine"":1.0,""actual_nan"":0.0,""reference_nan"":0.0,""actual_inf"":0.0,""reference_inf"":0.0,""allclose"":true,""mismatch_count"":0},""dK"":{""max_abs"":0.0,""mean_abs"":0.0,""rmse"":0.0,""relative_l2"":0.0,""cosine"":1.0000001192092896,""actual_nan"":0.0,""reference_nan"":0.0,""actual_inf"":0.0,""reference_inf"":0.0,""allclose"":true,""mismatch_count"":0},""dV"":{""max_abs"":0.0,""mean_abs"":0.0,""rmse"":0.0,""relative_l2"":0.0,""cosine"":1.0,""actual_nan"":0.0,""reference_nan"":0.0,""actual_inf"":0.0,""reference_inf"":0.0,""allclose"":true,""mismatch_count"":0}}]",ok
,,,,,,,,,,,True,uniform,sdpa,"[26.9488232421875, 27.00861572265625]",10.205501876210846,100,26.98689208984375,27.00322607421875,27.0080767578125,9966310425.987154,37944.34707749739,5,939.169921875,1740.0,1,16,16384,0.0,0.0,True,0.0,0.0,True,1.0000001192092896,0.0,0.0,0,0.0,0.0,0.0,0.0,1.0000001192092896,0.0,0.0,True,0.9999999403953552,0.0,0.0,0,0.0,0.0,0.0,0.0,0.0,0.0,0,0.0,0.0,0.0,0.0,0.0,0.0,True,1.0000001192092896,0.000244140625,2.0465564798399782e-09,0,0.0,0.0,8.844975127431098e-06,4.166783753589698e-07,0.0,0.0,True,0.0,0.0,True,1.0000001192092896,0.0,0.0,0,0.0,0.0,0.0,0.0,0.9999999403953552,0.0,0.0,True,1.0,0.0,0.0,0,0.0,0.0,0.0,0.0,0.0,0.0,0,0.0,0.0,0.0,0.0,bfloat16,"[37.026357421875, 37.07033203125]",11.155691548361641,100,37.032412109375,37.0679580078125,37.07009462890625,7262820018.46461,27651.452921176788,5,"[9.983143920898437, 10.044402465820312]",13.736691449984301,100,10.024785766601562,10.043805541992187,10.044342773437501,26829475488.250587,102146.82127288387,5,128,8,,64,0.0,0.0,True,1.0000001192092896,0.0,0.0,0,0.0,0.0,0.0,0.0,630.265625,1569.435546875,0.0,1740.0,32,"[{""output"":{""max_abs"":0.0,""mean_abs"":0.0,""rmse"":0.0,""relative_l2"":0.0,""cosine"":1.0000001192092896,""actual_nan"":0.0,""reference_nan"":0.0,""actual_inf"":0.0,""reference_inf"":0.0,""allclose"":true,""mismatch_count"":0},""dQ"":{""max_abs"":0.000244140625,""mean_abs"":2.171908208836726e-09,""rmse"":4.3966238649773004e-07,""relative_l2"":9.332864465250168e-06,""cosine"":1.0000001192092896,""actual_nan"":0.0,""reference_nan"":0.0,""actual_inf"":0.0,""reference_inf"":0.0,""allclose"":true,""mismatch_count"":0},""dK"":{""max_abs"":0.0,""mean_abs"":0.0,""rmse"":0.0,""relative_l2"":0.0,""cosine"":1.0000001192092896,""actual_nan"":0.0,""reference_nan"":0.0,""actual_inf"":0.0,""reference_inf"":0.0,""allclose"":true,""mismatch_count"":0},""dV"":{""max_abs"":0.0,""mean_abs"":0.0,""rmse"":0.0,""relative_l2"":0.0,""cosine"":0.9999999403953552,""actual_nan"":0.0,""reference_nan"":0.0,""actual_inf"":0.0,""reference_inf"":0.0,""allclose"":true,""mismatch_count"":0}},{""output"":{""max_abs"":0.0,""mean_abs"":0.0,""rmse"":0.0,""relative_l2"":0.0,""cosine"":1.0000001192092896,""actual_nan"":0.0,""reference_nan"":0.0,""actual_inf"":0.0,""reference_inf"":0.0,""allclose"":true,""mismatch_count"":0},""dQ"":{""max_abs"":0.000244140625,""mean_abs"":1.997393361818922e-09,""rmse"":4.106359199340659e-07,""relative_l2"":8.716709999134764e-06,""cosine"":1.0000001192092896,""actual_nan"":0.0,""reference_nan"":0.0,""actual_inf"":0.0,""reference_inf"":0.0,""allclose"":true,""mismatch_count"":0},""dK"":{""max_abs"":0.0,""mean_abs"":0.0,""rmse"":0.0,""relative_l2"":0.0,""cosine"":1.0000001192092896,""actual_nan"":0.0,""reference_nan"":0.0,""actual_inf"":0.0,""reference_inf"":0.0,""allclose"":true,""mismatch_count"":0},""dV"":{""max_abs"":0.0,""mean_abs"":0.0,""rmse"":0.0,""relative_l2"":0.0,""cosine"":0.9999999403953552,""actual_nan"":0.0,""reference_nan"":0.0,""actual_inf"":0.0,""reference_inf"":0.0,""allclose"":true,""mismatch_count"":0}}]",ok
True,0.648779846410759,"[0.6461788190861377, 0.6534507328092205]",4.809959736531667,"[4.775358090119783, 4.818270296910409]",True,0.7813123640837394,"[0.7771491371333324, 0.7889962295156788]",5.676002506146234,"[5.652425022689286, 5.706409136579269]",True,True,uniform,triton,"[5.602662353515625, 5.651021118164063]",49.08805311567256,100,5.61062744140625,5.649450805664062,5.650864086914063,47937551870.77398,182510.78167174547,5,328.12646484375,1108.0,1,16,16384,0.0,0.0,True,0.0,0.0,True,0.9999921321868896,0.00390625,2.366557964705862e-05,0,0.0,0.0,0.003973482176661491,5.427101859822869e-05,0.9999921321868896,0.0,0.0,True,0.9999918341636658,0.015625,3.148653559037484e-05,0,0.0,0.0,0.004012196324765682,0.0003086584620177746,0.015625,2.4125636628014036e-05,0,0.0,0.0,0.003999258857220411,9.152162238024175e-05,0.0,0.0,True,0.9999938011169434,0.015625,5.9567217249423265e-05,0,0.0,0.0,0.0035151804331690073,0.0001655968080740422,0.0,0.0,True,0.0,0.0,True,0.999996542930603,0.001953125,1.1984956472588237e-05,0,0.0,0.0,0.002671087859198451,3.6430941690923646e-05,0.9999963641166687,0.0,0.0,True,0.9999963045120239,0.015625,1.8770224414765835e-05,0,0.0,0.0,0.0026872202288359404,0.00024399675021413714,0.015625,1.238409004145069e-05,0,0.0,0.0,0.0026829505804926157,6.892870442243293e-05,bfloat16,"[7.368436889648438, 7.420926513671875]",55.88553239544246,100,7.392291870117187,7.418853271484375,7.420719189453125,36383810153.28285,138522.66901682373,5,"[1.7567590277291198, 1.7694284755552832]",77.96949509626843,223,1.7661700740523403,1.7681600938463427,1.769301637384389,152284170109.8993,579785.6135397604,5,128,8,True,64,0.0,0.0,True,0.9999998807907104,0.001953125,6.336270871543093e-06,0,0.0,0.0,0.0006537539302371442,3.444849426159635e-05,84.25048828125,412.376953125,0.0,1108.0,32,"[{""output"":{""max_abs"":0.0,""mean_abs"":0.0,""rmse"":0.0,""relative_l2"":0.0,""cosine"":1.0,""actual_nan"":0.0,""reference_nan"":0.0,""actual_inf"":0.0,""reference_inf"":0.0,""allclose"":true,""mismatch_count"":0},""dQ"":{""max_abs"":0.0,""mean_abs"":0.0,""rmse"":0.0,""relative_l2"":0.0,""cosine"":0.9999998807907104,""actual_nan"":0.0,""reference_nan"":0.0,""actual_inf"":0.0,""reference_inf"":0.0,""allclose"":true,""mismatch_count"":0},""dK"":{""max_abs"":0.0,""mean_abs"":0.0,""rmse"":0.0,""relative_l2"":0.0,""cosine"":1.0000001192092896,""actual_nan"":0.0,""reference_nan"":0.0,""actual_inf"":0.0,""reference_inf"":0.0,""allclose"":true,""mismatch_count"":0},""dV"":{""max_abs"":0.0,""mean_abs"":0.0,""rmse"":0.0,""relative_l2"":0.0,""cosine"":0.9999998807907104,""actual_nan"":0.0,""reference_nan"":0.0,""actual_inf"":0.0,""reference_inf"":0.0,""allclose"":true,""mismatch_count"":0}},{""output"":{""max_abs"":0.0,""mean_abs"":0.0,""rmse"":0.0,""relative_l2"":0.0,""cosine"":1.0,""actual_nan"":0.0,""reference_nan"":0.0,""actual_inf"":0.0,""reference_inf"":0.0,""allclose"":true,""mismatch_count"":0},""dQ"":{""max_abs"":0.0,""mean_abs"":0.0,""rmse"":0.0,""relative_l2"":0.0,""cosine"":0.9999998807907104,""actual_nan"":0.0,""reference_nan"":0.0,""actual_inf"":0.0,""reference_inf"":0.0,""allclose"":true,""mismatch_count"":0},""dK"":{""max_abs"":0.0,""mean_abs"":0.0,""rmse"":0.0,""relative_l2"":0.0,""cosine"":1.0000001192092896,""actual_nan"":0.0,""reference_nan"":0.0,""actual_inf"":0.0,""reference_inf"":0.0,""allclose"":true,""mismatch_count"":0},""dV"":{""max_abs"":0.0,""mean_abs"":0.0,""rmse"":0.0,""relative_l2"":0.0,""cosine"":0.9999998807907104,""actual_nan"":0.0,""reference_nan"":0.0,""actual_inf"":0.0,""reference_inf"":0.0,""allclose"":true,""mismatch_count"":0}}]",ok
True,0.7623592235661503,"[0.7593028444528922, 0.7639363473246311]",4.093352375946132,"[4.08471367325737, 4.096647400941644]",True,0.92375559272121,"[0.9168140361192336, 0.9328403250162061]",4.800762205464393,"[4.780820372923355, 4.837110648299015]",True,True,uniform,tilelang,"[6.5896435546875, 6.606497192382813]",41.77471535271037,100,6.5928582763671875,6.604267211914063,6.6062741943359375,40795620461.631226,155319.58326339858,5,328.12646484375,1740.0,1,16,16384,0.0,0.0,True,0.0,0.0,True,0.9999921321868896,0.00390625,2.3683063773205504e-05,0,0.0,0.0,0.003977745771408081,5.432925536297262e-05,0.9999918937683105,0.0,0.0,True,0.9999918341636658,0.015625,3.201549770892598e-05,0,0.0,0.0,0.004029071424156427,0.0003099566383752972,0.015625,2.4173205019906163e-05,0,0.0,0.0,0.004011936951428652,9.181176574202254e-05,0.0,0.0,True,0.9999938011169434,0.015625,6.005782779539004e-05,0,0.0,0.0,0.0035294555127620697,0.00016626929573249072,0.0,0.0,True,0.0,0.0,True,0.999996542930603,0.001953125,1.1986340723524336e-05,0,0.0,0.0,0.0026713537517935038,3.6434568755794317e-05,0.9999963641166687,0.0,0.0,True,0.9999963045120239,0.015625,1.8769676898955368e-05,0,0.0,0.0,0.0026872199960052967,0.00024399672111030668,0.015625,1.2385361515043769e-05,0,0.0,0.0,0.002683020196855068,6.893050158396363e-05,bfloat16,"[8.686001586914063, 8.702821655273437]",47.51618820902324,100,8.694345703125,8.702639282226562,8.702803417968749,30935018365.249504,117777.69540863147,5,"[2.072473940641984, 2.0958956842837124]",65.9465891412105,184,2.088165449059528,2.0951627316682235,2.095822389022164,128801931916.42676,490382.59897518717,5,128,8,True,64,0.0,0.0,True,0.9999998211860657,0.001953125,6.336722435662523e-06,0,0.0,0.0,0.0006539914757013321,3.446100890869275e-05,236.25048828125,564.376953125,0.0,1740.0,32,"[{""output"":{""max_abs"":0.0,""mean_abs"":0.0,""rmse"":0.0,""relative_l2"":0.0,""cosine"":1.0,""actual_nan"":0.0,""reference_nan"":0.0,""actual_inf"":0.0,""reference_inf"":0.0,""allclose"":true,""mismatch_count"":0},""dQ"":{""max_abs"":0.0,""mean_abs"":0.0,""rmse"":0.0,""relative_l2"":0.0,""cosine"":1.0,""actual_nan"":0.0,""reference_nan"":0.0,""actual_inf"":0.0,""reference_inf"":0.0,""allclose"":true,""mismatch_count"":0},""dK"":{""max_abs"":0.0,""mean_abs"":0.0,""rmse"":0.0,""relative_l2"":0.0,""cosine"":0.9999999403953552,""actual_nan"":0.0,""reference_nan"":0.0,""actual_inf"":0.0,""reference_inf"":0.0,""allclose"":true,""mismatch_count"":0},""dV"":{""max_abs"":0.0,""mean_abs"":0.0,""rmse"":0.0,""relative_l2"":0.0,""cosine"":1.0000001192092896,""actual_nan"":0.0,""reference_nan"":0.0,""actual_inf"":0.0,""reference_inf"":0.0,""allclose"":true,""mismatch_count"":0}},{""output"":{""max_abs"":0.0,""mean_abs"":0.0,""rmse"":0.0,""relative_l2"":0.0,""cosine"":1.0,""actual_nan"":0.0,""reference_nan"":0.0,""actual_inf"":0.0,""reference_inf"":0.0,""allclose"":true,""mismatch_count"":0},""dQ"":{""max_abs"":0.0,""mean_abs"":0.0,""rmse"":0.0,""relative_l2"":0.0,""cosine"":1.0,""actual_nan"":0.0,""reference_nan"":0.0,""actual_inf"":0.0,""reference_inf"":0.0,""allclose"":true,""mismatch_count"":0},""dK"":{""max_abs"":0.0,""mean_abs"":0.0,""rmse"":0.0,""relative_l2"":0.0,""cosine"":0.9999999403953552,""actual_nan"":0.0,""reference_nan"":0.0,""actual_inf"":0.0,""reference_inf"":0.0,""allclose"":true,""mismatch_count"":0},""dV"":{""max_abs"":0.0,""mean_abs"":0.0,""rmse"":0.0,""relative_l2"":0.0,""cosine"":1.0000001192092896,""actual_nan"":0.0,""reference_nan"":0.0,""actual_inf"":0.0,""reference_inf"":0.0,""allclose"":true,""mismatch_count"":0}}]",ok
,,,,,,,,,,,True,uniform,flex,"[15.452349853515624, 15.46111572265625]",35.59967898582243,100,15.457799072265624,15.46007470703125,15.461011621093752,34765311509.59222,66244.87711431444,5,724.1630859375,2070.0,1,16,32768,0.0,0.0,True,0.0,0.0,True,0.9999919533729553,0.001953125,1.217611315951217e-05,0,0.0,0.0,0.0040335580706596375,2.8022648621117696e-05,0.9999921321868896,0.0,0.0,True,0.9999922513961792,0.015625,2.785599463095423e-05,0,0.0,0.0,0.003973533399403095,0.0003068673249799758,0.015625,1.2651262295548804e-05,0,0.0,0.0,0.003985954448580742,6.01251631451305e-05,0.0,0.0,True,0.9999934434890747,0.015625,4.6982691856101155e-05,0,0.0,0.0,0.0036232932470738888,0.00015428791812155396,0.0,0.0,True,0.0,0.0,True,0.999996542930603,0.001953125,6.003315320413094e-06,0,0.0,0.0,0.002674437826499343,1.8366137737757526e-05,0.9999963045120239,0.0,0.0,True,0.9999962449073792,0.015625,1.6764057363616303e-05,0,0.0,0.0,0.0027347616851329803,0.0002444108249619603,0.015625,6.3293982748291455e-06,0,0.0,0.0,0.0027252649888396263,4.623089262167923e-05,bfloat16,"[19.5557177734375, 19.615789794921874]",42.19676201040404,100,19.56166748046875,19.596126708984375,19.613823486328123,27471850267.190136,52347.27566156657,5,"[4.062067260742188, 4.0925244140625]",67.31589416558599,100,4.087390441894531,4.091654541015624,4.0924374267578125,131476355792.16013,250526.59259176854,5,128,8,,64,0.0,0.0,True,0.9999997615814209,0.001953125,1.2701570085482672e-05,0,0.0,0.0,0.0007175733335316181,3.4858134313253686e-05,148.25,872.4130859375,0.0,2070.0,32,"[{""output"":{""max_abs"":0.0,""mean_abs"":0.0,""rmse"":0.0,""relative_l2"":0.0,""cosine"":0.9999999403953552,""actual_nan"":0.0,""reference_nan"":0.0,""actual_inf"":0.0,""reference_inf"":0.0,""allclose"":true,""mismatch_count"":0},""dQ"":{""max_abs"":0.0,""mean_abs"":0.0,""rmse"":0.0,""relative_l2"":0.0,""cosine"":1.0,""actual_nan"":0.0,""reference_nan"":0.0,""actual_inf"":0.0,""reference_inf"":0.0,""allclose"":true,""mismatch_count"":0},""dK"":{""max_abs"":0.0,""mean_abs"":0.0,""rmse"":0.0,""relative_l2"":0.0,""cosine"":0.9999999403953552,""actual_nan"":0.0,""reference_nan"":0.0,""actual_inf"":0.0,""reference_inf"":0.0,""allclose"":true,""mismatch_count"":0},""dV"":{""max_abs"":0.0,""mean_abs"":0.0,""rmse"":0.0,""relative_l2"":0.0,""cosine"":1.0000001192092896,""actual_nan"":0.0,""reference_nan"":0.0,""actual_inf"":0.0,""reference_inf"":0.0,""allclose"":true,""mismatch_count"":0}},{""output"":{""max_abs"":0.0,""mean_abs"":0.0,""rmse"":0.0,""relative_l2"":0.0,""cosine"":0.9999999403953552,""actual_nan"":0.0,""reference_nan"":0.0,""actual_inf"":0.0,""reference_inf"":0.0,""allclose"":true,""mismatch_count"":0},""dQ"":{""max_abs"":0.0,""mean_abs"":0.0,""rmse"":0.0,""relative_l2"":0.0,""cosine"":1.0,""actual_nan"":0.0,""reference_nan"":0.0,""actual_inf"":0.0,""reference_inf"":0.0,""allclose"":true,""mismatch_count"":0},""dK"":{""max_abs"":0.0,""mean_abs"":0.0,""rmse"":0.0,""relative_l2"":0.0,""cosine"":0.9999999403953552,""actual_nan"":0.0,""reference_nan"":0.0,""actual_inf"":0.0,""reference_inf"":0.0,""allclose"":true,""mismatch_count"":0},""dV"":{""max_abs"":0.0,""mean_abs"":0.0,""rmse"":0.0,""relative_l2"":0.0,""cosine"":1.0000001192092896,""actual_nan"":0.0,""reference_nan"":0.0,""actual_inf"":0.0,""reference_inf"":0.0,""allclose"":true,""mismatch_count"":0}}]",ok
,,,,,,,,,,,True,uniform,sdpa,"[48.2598779296875, 48.3675390625]",11.385769240650633,100,48.33162109375,48.36558203125,48.367343359375,11118915274.072884,21186.957458218145,5,1352.1630859375,2862.0,1,16,32768,0.0,0.0,True,0.0,0.0,True,1.0000001192092896,0.0,0.0,0,0.0,0.0,0.0,0.0,1.0000001192092896,0.0,0.0,True,1.000000238418579,0.0,0.0,0,0.0,0.0,0.0,0.0,0.0,0.0,0,0.0,0.0,0.0,0.0,0.0,0.0,True,1.0,0.000244140625,2.1107156022992513e-09,0,0.0,0.0,9.511389180261176e-06,4.050161805935204e-07,0.0,0.0,True,0.0,0.0,True,1.0000001192092896,0.0,0.0,0,0.0,0.0,0.0,0.0,0.9999997615814209,0.0,0.0,True,0.9999999403953552,0.0,0.0,0,0.0,0.0,0.0,0.0,0.0,0.0,0,0.0,0.0,0.0,0.0,bfloat16,"[66.096181640625, 66.6903369140625]",12.480506831433557,100,66.13826171875,66.4907763671875,66.67038085937499,8125329968.381222,15482.71716536056,5,"[17.84234375, 17.857602539062505]",15.417843522356602,100,17.845968017578127,17.85466650390625,17.857308935546875,30112975629.602737,57379.9078307979,5,128,8,,64,0.0,0.0,True,1.0,0.0,0.0,0,0.0,0.0,0.0,0.0,1174.265625,2526.4287109375,0.0,2862.0,32,"[{""output"":{""max_abs"":0.0,""mean_abs"":0.0,""rmse"":0.0,""relative_l2"":0.0,""cosine"":1.0,""actual_nan"":0.0,""reference_nan"":0.0,""actual_inf"":0.0,""reference_inf"":0.0,""allclose"":true,""mismatch_count"":0},""dQ"":{""max_abs"":0.000244140625,""mean_abs"":2.2161819046573328e-09,""rmse"":3.90728501997728e-07,""relative_l2"":9.175857485388406e-06,""cosine"":1.0,""actual_nan"":0.0,""reference_nan"":0.0,""actual_inf"":0.0,""reference_inf"":0.0,""allclose"":true,""mismatch_count"":0},""dK"":{""max_abs"":0.0,""mean_abs"":0.0,""rmse"":0.0,""relative_l2"":0.0,""cosine"":1.0000001192092896,""actual_nan"":0.0,""reference_nan"":0.0,""actual_inf"":0.0,""reference_inf"":0.0,""allclose"":true,""mismatch_count"":0},""dV"":{""max_abs"":0.0,""mean_abs"":0.0,""rmse"":0.0,""relative_l2"":0.0,""cosine"":0.9999997615814209,""actual_nan"":0.0,""reference_nan"":0.0,""actual_inf"":0.0,""reference_inf"":0.0,""allclose"":true,""mismatch_count"":0}},{""output"":{""max_abs"":0.0,""mean_abs"":0.0,""rmse"":0.0,""relative_l2"":0.0,""cosine"":1.0,""actual_nan"":0.0,""reference_nan"":0.0,""actual_inf"":0.0,""reference_inf"":0.0,""allclose"":true,""mismatch_count"":0},""dQ"":{""max_abs"":0.000244140625,""mean_abs"":2.100006835092927e-09,""rmse"":4.1408895867789397e-07,""relative_l2"":9.724453775561415e-06,""cosine"":1.0,""actual_nan"":0.0,""reference_nan"":0.0,""actual_inf"":0.0,""reference_inf"":0.0,""allclose"":true,""mismatch_count"":0},""dK"":{""max_abs"":0.0,""mean_abs"":0.0,""rmse"":0.0,""relative_l2"":0.0,""cosine"":1.0000001192092896,""actual_nan"":0.0,""reference_nan"":0.0,""actual_inf"":0.0,""reference_inf"":0.0,""allclose"":true,""mismatch_count"":0},""dV"":{""max_abs"":0.0,""mean_abs"":0.0,""rmse"":0.0,""relative_l2"":0.0,""cosine"":0.9999997615814209,""actual_nan"":0.0,""reference_nan"":0.0,""actual_inf"":0.0,""reference_inf"":0.0,""allclose"":true,""mismatch_count"":0}}]",ok
True,0.7154523613584081,"[0.7115124667249835, 0.718799901666497]",4.370216806254094,"[4.349864164468659, 4.3944162328939615]",True,0.8597602193618431,"[0.856025603054742, 0.8651200182979396]",5.0782799512967465,"[5.06217750226562, 5.100435161433523]",True,True,uniform,triton,"[10.998416748046875, 11.111064453125]",49.758280087622296,100,11.05931884765625,11.10038134765625,11.109996142578124,48592070398.06865,92591.59755729545,5,584.12646484375,2070.0,1,16,32768,0.0,0.0,True,0.0,0.0,True,0.9999921321868896,0.00390625,1.19337919386453e-05,0,0.0,0.0,0.003995311446487904,2.7756936106015928e-05,0.9999921917915344,0.0,0.0,True,0.9999924302101135,0.015625,2.6768555471790023e-05,0,0.0,0.0,0.00391813088208437,0.0003025887126568705,0.015625,1.238333061337471e-05,0,0.0,0.0,0.003934130072593689,5.934343789704144e-05,0.0,0.0,True,0.9999939203262329,0.015625,4.48192295152694e-05,0,0.0,0.0,0.0034741961862891912,0.00014793903392273933,0.0,0.0,True,0.0,0.0,True,0.999996542930603,0.001953125,6.002671398164239e-06,0,0.0,0.0,0.002674312796443701,1.8365280993748456e-05,0.9999963045120239,0.0,0.0,True,0.9999962449073792,0.015625,1.6763939129305072e-05,0,0.0,0.0,0.0027347616851329803,0.0002444108249619603,0.015625,6.328770723484922e-06,0,0.0,0.0,0.002725244965404272,4.623055792762898e-05,bfloat16,"[14.508389892578125, 14.73343994140625]",56.473228450716064,100,14.616466064453125,14.727369140625,14.732832861328125,36766424772.6016,70057.97403315853,5,"[3.498910867942954, 3.525354061486586]",78.29612565181394,106,3.5141757029407428,3.5230247065706073,3.5251211259949886,152922120413.6991,291391.23554439616,5,128,8,True,64,0.0,0.0,True,0.9999998807907104,0.001953125,3.7746847283415264e-06,0,0.0,0.0,0.00047580833779647946,2.3113721908885054e-05,148.25048828125,732.376953125,0.0,2070.0,32,"[{""output"":{""max_abs"":0.0,""mean_abs"":0.0,""rmse"":0.0,""relative_l2"":0.0,""cosine"":1.0000001192092896,""actual_nan"":0.0,""reference_nan"":0.0,""actual_inf"":0.0,""reference_inf"":0.0,""allclose"":true,""mismatch_count"":0},""dQ"":{""max_abs"":0.0,""mean_abs"":0.0,""rmse"":0.0,""relative_l2"":0.0,""cosine"":1.0,""actual_nan"":0.0,""reference_nan"":0.0,""actual_inf"":0.0,""reference_inf"":0.0,""allclose"":true,""mismatch_count"":0},""dK"":{""max_abs"":0.0,""mean_abs"":0.0,""rmse"":0.0,""relative_l2"":0.0,""cosine"":1.0,""actual_nan"":0.0,""reference_nan"":0.0,""actual_inf"":0.0,""reference_inf"":0.0,""allclose"":true,""mismatch_count"":0},""dV"":{""max_abs"":0.0,""mean_abs"":0.0,""rmse"":0.0,""relative_l2"":0.0,""cosine"":1.0000001192092896,""actual_nan"":0.0,""reference_nan"":0.0,""actual_inf"":0.0,""reference_inf"":0.0,""allclose"":true,""mismatch_count"":0}},{""output"":{""max_abs"":0.0,""mean_abs"":0.0,""rmse"":0.0,""relative_l2"":0.0,""cosine"":1.0000001192092896,""actual_nan"":0.0,""reference_nan"":0.0,""actual_inf"":0.0,""reference_inf"":0.0,""allclose"":true,""mismatch_count"":0},""dQ"":{""max_abs"":0.0,""mean_abs"":0.0,""rmse"":0.0,""relative_l2"":0.0,""cosine"":1.0,""actual_nan"":0.0,""reference_nan"":0.0,""actual_inf"":0.0,""reference_inf"":0.0,""allclose"":true,""mismatch_count"":0},""dK"":{""max_abs"":0.0,""mean_abs"":0.0,""rmse"":0.0,""relative_l2"":0.0,""cosine"":1.0,""actual_nan"":0.0,""reference_nan"":0.0,""actual_inf"":0.0,""reference_inf"":0.0,""allclose"":true,""mismatch_count"":0},""dV"":{""max_abs"":0.0,""mean_abs"":0.0,""rmse"":0.0,""relative_l2"":0.0,""cosine"":1.0000001192092896,""actual_nan"":0.0,""reference_nan"":0.0,""actual_inf"":0.0,""reference_inf"":0.0,""allclose"":true,""mismatch_count"":0}}]",ok
True,0.7671163826601045,"[0.7662085429955188, 0.7848220200711853]",4.075889922778599,"[3.983937572749417, 4.081616911128151]",True,0.9345217292404737,"[0.9325633784766147, 0.9404233807561415]",4.672018796669674,"[4.650729884021301, 4.681419348691062]",True,True,uniform,tilelang,"[11.843897705078126, 12.13162109375]",46.407142111050455,100,11.857930908203125,12.028947753906252,12.121353759765626,45319474717.82271,86355.70639829022,5,724.16357421875,2862.0,1,16,32768,0.0,0.0,True,0.0,0.0,True,0.9999921321868896,0.00390625,1.193735261040274e-05,0,0.0,0.0,0.003997545689344406,2.777245936158579e-05,0.9999920725822449,0.0,0.0,True,0.9999920725822449,0.015625,2.7851441700477153e-05,0,0.0,0.0,0.004019935615360737,0.00031045087962411344,0.015625,1.2419598533597309e-05,0,0.0,0.0,0.004015340935438871,6.056843267288059e-05,0.0,0.0,True,0.9999934434890747,0.015625,4.5520915591623634e-05,0,0.0,0.0,0.003588700434193015,0.00015281487139873207,0.0,0.0,True,0.0,0.0,True,0.999996542930603,0.001953125,6.0035235946998e-06,0,0.0,0.0,0.0026745989453047514,1.8367245502304286e-05,0.9999963641166687,0.0,0.0,True,0.9999962449073792,0.015625,1.6763795429142192e-05,0,0.0,0.0,0.0027347614523023367,0.00024441079585812986,0.015625,6.329592451947974e-06,0,0.0,0.0,0.00272528943605721,4.623131098924205e-05,bfloat16,"[16.002415771484376, 16.246583251953126]",51.38357693423628,100,16.0642578125,16.206043212890627,16.242529248046875,33452849566.56008,63743.99688750015,5,"[3.8120849016800666, 3.8372402746700547]",72.03245474056183,103,3.819755183840261,3.8303693752844357,3.8365531847314926,140688388165.15982,268080.00793666125,5,128,8,True,64,0.0,0.0,True,0.9999998807907104,0.001953125,3.7750064620922785e-06,0,0.0,0.0,0.00047583162086084485,2.311485332029406e-05,428.25048828125,1152.4140625,0.0,2862.0,32,"[{""output"":{""max_abs"":0.0,""mean_abs"":0.0,""rmse"":0.0,""relative_l2"":0.0,""cosine"":1.0000001192092896,""actual_nan"":0.0,""reference_nan"":0.0,""actual_inf"":0.0,""reference_inf"":0.0,""allclose"":true,""mismatch_count"":0},""dQ"":{""max_abs"":0.0,""mean_abs"":0.0,""rmse"":0.0,""relative_l2"":0.0,""cosine"":0.9999999403953552,""actual_nan"":0.0,""reference_nan"":0.0,""actual_inf"":0.0,""reference_inf"":0.0,""allclose"":true,""mismatch_count"":0},""dK"":{""max_abs"":0.0,""mean_abs"":0.0,""rmse"":0.0,""relative_l2"":0.0,""cosine"":1.0,""actual_nan"":0.0,""reference_nan"":0.0,""actual_inf"":0.0,""reference_inf"":0.0,""allclose"":true,""mismatch_count"":0},""dV"":{""max_abs"":0.0,""mean_abs"":0.0,""rmse"":0.0,""relative_l2"":0.0,""cosine"":1.000000238418579,""actual_nan"":0.0,""reference_nan"":0.0,""actual_inf"":0.0,""reference_inf"":0.0,""allclose"":true,""mismatch_count"":0}},{""output"":{""max_abs"":0.0,""mean_abs"":0.0,""rmse"":0.0,""relative_l2"":0.0,""cosine"":1.0000001192092896,""actual_nan"":0.0,""reference_nan"":0.0,""actual_inf"":0.0,""reference_inf"":0.0,""allclose"":true,""mismatch_count"":0},""dQ"":{""max_abs"":0.0,""mean_abs"":0.0,""rmse"":0.0,""relative_l2"":0.0,""cosine"":0.9999999403953552,""actual_nan"":0.0,""reference_nan"":0.0,""actual_inf"":0.0,""reference_inf"":0.0,""allclose"":true,""mismatch_count"":0},""dK"":{""max_abs"":0.0,""mean_abs"":0.0,""rmse"":0.0,""relative_l2"":0.0,""cosine"":1.0,""actual_nan"":0.0,""reference_nan"":0.0,""actual_inf"":0.0,""reference_inf"":0.0,""allclose"":true,""mismatch_count"":0},""dV"":{""max_abs"":0.0,""mean_abs"":0.0,""rmse"":0.0,""relative_l2"":0.0,""cosine"":1.000000238418579,""actual_nan"":0.0,""reference_nan"":0.0,""actual_inf"":0.0,""reference_inf"":0.0,""allclose"":true,""mismatch_count"":0}}]",ok
,,,,,,,,,,,True,uniform,flex,"[31.467724609375, 33.64949951171875]",32.90392967318604,100,33.43213134765625,33.58702978515625,33.6432525390625,32132743821.470745,30629.216825919986,5,2410.2607421875,5128.0,1,16,65536,0.0,0.0,True,0.0,0.0,True,0.9999920129776001,0.001953125,6.093448064348195e-06,0,0.0,0.0,0.004018704406917095,1.4075691979087424e-05,0.9999921321868896,0.0,0.0,True,0.9999920725822449,0.015625,2.682982994883787e-05,0,0.0,0.0,0.00399377616122365,0.00031455548014491796,0.015625,6.41246924715233e-06,0,0.0,0.0,0.003996584098786116,4.1440438508288935e-05,0.0,0.0,True,0.9999933242797852,0.015625,3.661341906990856e-05,0,0.0,0.0,0.003646170487627387,0.00015230898861773312,0.0,0.0,True,0.0,0.0,True,0.9999966025352478,0.0009765625,3.0141040952003095e-06,0,0.0,0.0,0.0026632528752088547,9.328572559752502e-06,0.9999966025352478,0.0,0.0,True,0.9999964833259583,0.015625,1.5547426301054657e-05,0,0.0,0.0,0.002678396413102746,0.0002462099364493042,0.015625,3.2069247026811354e-06,0,0.0,0.0,0.0026771125849336386,3.1910636607790366e-05,bfloat16,"[42.3080322265625, 43.01671875]",38.83117912412314,100,42.4935009765625,42.85886328125,43.000933203125,25280715575.601,24097.802639626992,5,"[8.156127319335937, 8.177671508789063]",67.30981309377849,100,8.171531372070312,8.176033081054687,8.177507666015625,131464478698.7861,125313.10881335607,5,128,8,,64,0.0,0.0,True,0.9999998211860657,0.001953125,8.669186172483023e-06,0,0.0,0.0,0.0004954669857397676,2.3643739041290246e-05,276.25,2686.5107421875,0.0,5128.0,32,"[{""output"":{""max_abs"":0.0,""mean_abs"":0.0,""rmse"":0.0,""relative_l2"":0.0,""cosine"":1.0000001192092896,""actual_nan"":0.0,""reference_nan"":0.0,""actual_inf"":0.0,""reference_inf"":0.0,""allclose"":true,""mismatch_count"":0},""dQ"":{""max_abs"":0.0,""mean_abs"":0.0,""rmse"":0.0,""relative_l2"":0.0,""cosine"":1.0,""actual_nan"":0.0,""reference_nan"":0.0,""actual_inf"":0.0,""reference_inf"":0.0,""allclose"":true,""mismatch_count"":0},""dK"":{""max_abs"":0.0,""mean_abs"":0.0,""rmse"":0.0,""relative_l2"":0.0,""cosine"":0.9999999403953552,""actual_nan"":0.0,""reference_nan"":0.0,""actual_inf"":0.0,""reference_inf"":0.0,""allclose"":true,""mismatch_count"":0},""dV"":{""max_abs"":0.0,""mean_abs"":0.0,""rmse"":0.0,""relative_l2"":0.0,""cosine"":1.000000238418579,""actual_nan"":0.0,""reference_nan"":0.0,""actual_inf"":0.0,""reference_inf"":0.0,""allclose"":true,""mismatch_count"":0}},{""output"":{""max_abs"":0.0,""mean_abs"":0.0,""rmse"":0.0,""relative_l2"":0.0,""cosine"":1.0000001192092896,""actual_nan"":0.0,""reference_nan"":0.0,""actual_inf"":0.0,""reference_inf"":0.0,""allclose"":true,""mismatch_count"":0},""dQ"":{""max_abs"":0.0,""mean_abs"":0.0,""rmse"":0.0,""relative_l2"":0.0,""cosine"":1.0,""actual_nan"":0.0,""reference_nan"":0.0,""actual_inf"":0.0,""reference_inf"":0.0,""allclose"":true,""mismatch_count"":0},""dK"":{""max_abs"":0.0,""mean_abs"":0.0,""rmse"":0.0,""relative_l2"":0.0,""cosine"":0.9999999403953552,""actual_nan"":0.0,""reference_nan"":0.0,""actual_inf"":0.0,""reference_inf"":0.0,""allclose"":true,""mismatch_count"":0},""dV"":{""max_abs"":0.0,""mean_abs"":0.0,""rmse"":0.0,""relative_l2"":0.0,""cosine"":1.000000238418579,""actual_nan"":0.0,""reference_nan"":0.0,""actual_inf"":0.0,""reference_inf"":0.0,""allclose"":true,""mismatch_count"":0}}]",ok
,,,,,,,,,,,True,uniform,sdpa,"[95.266376953125, 98.03826171875]",11.27464606295099,100,97.56833984375,97.95874609375,98.03031015625,11010396545.850576,10495.207786049003,5,3645.2607421875,6688.0,1,16,65536,0.0,0.0,True,0.0,0.0,True,1.0000001192092896,0.0,0.0,0,0.0,0.0,0.0,0.0,1.0000001192092896,0.0,0.0,True,1.0,0.0,0.0,0,0.0,0.0,0.0,0.0,0.0,0.0,0,0.0,0.0,0.0,0.0,0.0,0.0,True,0.9999998807907104,0.000244140625,4.023185340429336e-09,0,0.0,0.0,1.110632365453057e-05,4.639368853531778e-07,0.0,0.0,True,0.0,0.0,True,1.000000238418579,0.0,0.0,0,0.0,0.0,0.0,0.0,1.0000001192092896,0.0,0.0,True,1.0,0.0,0.0,0,0.0,0.0,0.0,0.0,0.0,0.0,0,0.0,0.0,0.0,0.0,bfloat16,"[138.6177734375, 139.4823046875]",11.835766465075016,100,139.4141015625,139.4731328125,139.48138749999998,7705577125.699881,7345.024560093987,5,"[38.0839892578125, 38.184072265625]",14.438634856197936,100,38.09392333984375,38.150851562499994,38.1807501953125,28200458703.511593,26880.92772342415,5,128,8,,64,0.0,0.0,True,0.9999998807907104,0.0,0.0,0,0.0,0.0,0.0,0.0,2262.265625,5907.5263671875,0.0,6688.0,32,"[{""output"":{""max_abs"":0.0,""mean_abs"":0.0,""rmse"":0.0,""relative_l2"":0.0,""cosine"":0.9999998807907104,""actual_nan"":0.0,""reference_nan"":0.0,""actual_inf"":0.0,""reference_inf"":0.0,""allclose"":true,""mismatch_count"":0},""dQ"":{""max_abs"":0.0001220703125,""mean_abs"":3.6619889343114664e-09,""rmse"":4.0768216535980173e-07,""relative_l2"":9.759625754668377e-06,""cosine"":0.9999998807907104,""actual_nan"":0.0,""reference_nan"":0.0,""actual_inf"":0.0,""reference_inf"":0.0,""allclose"":true,""mismatch_count"":0},""dK"":{""max_abs"":0.0,""mean_abs"":0.0,""rmse"":0.0,""relative_l2"":0.0,""cosine"":1.0000001192092896,""actual_nan"":0.0,""reference_nan"":0.0,""actual_inf"":0.0,""reference_inf"":0.0,""allclose"":true,""mismatch_count"":0},""dV"":{""max_abs"":0.0,""mean_abs"":0.0,""rmse"":0.0,""relative_l2"":0.0,""cosine"":1.0000001192092896,""actual_nan"":0.0,""reference_nan"":0.0,""actual_inf"":0.0,""reference_inf"":0.0,""allclose"":true,""mismatch_count"":0}},{""output"":{""max_abs"":0.0,""mean_abs"":0.0,""rmse"":0.0,""relative_l2"":0.0,""cosine"":0.9999998807907104,""actual_nan"":0.0,""reference_nan"":0.0,""actual_inf"":0.0,""reference_inf"":0.0,""allclose"":true,""mismatch_count"":0},""dQ"":{""max_abs"":0.000244140625,""mean_abs"":3.7215626136344326e-09,""rmse"":4.538237305951043e-07,""relative_l2"":1.0864222531381529e-05,""cosine"":0.9999998807907104,""actual_nan"":0.0,""reference_nan"":0.0,""actual_inf"":0.0,""reference_inf"":0.0,""allclose"":true,""mismatch_count"":0},""dK"":{""max_abs"":0.0,""mean_abs"":0.0,""rmse"":0.0,""relative_l2"":0.0,""cosine"":1.0000001192092896,""actual_nan"":0.0,""reference_nan"":0.0,""actual_inf"":0.0,""reference_inf"":0.0,""allclose"":true,""mismatch_count"":0},""dV"":{""max_abs"":0.0,""mean_abs"":0.0,""rmse"":0.0,""relative_l2"":0.0,""cosine"":1.0000001192092896,""actual_nan"":0.0,""reference_nan"":0.0,""actual_inf"":0.0,""reference_inf"":0.0,""allclose"":true,""mismatch_count"":0}}]",ok
True,0.6576802890592611,"[0.6534318229885215, 0.6987366923264319]",4.437414773449634,"[4.3327213436428895, 4.460400980385501]",True,0.8583683572377753,"[0.8554560992608662, 0.8599895128331597]",5.430984353603394,"[5.426516417291969, 5.450488511836455]",True,True,uniform,triton,"[21.93512939453125, 21.9940673828125]",50.03028100515447,100,21.98765380859375,21.993307617187497,21.99399140625,48857696294.09616,46571.59008023746,5,1096.12646484375,4056.0,1,16,65536,0.0,0.0,True,0.0,0.0,True,0.9999921321868896,0.001953125,5.972253347863443e-06,0,0.0,0.0,0.003989160060882568,1.3972211490909103e-05,0.999991774559021,0.0,0.0,True,0.9999915957450867,0.015625,2.711761771934107e-05,0,0.0,0.0,0.0041033304296433926,0.00032318412559106946,0.015625,6.297566415014444e-06,0,0.0,0.0,0.0040906621143221855,4.2415929783601314e-05,0.0,0.0,True,0.999993622303009,0.015625,3.5077904612990096e-05,0,0.0,0.0,0.0035554771311581135,0.00014852051390334964,0.0,0.0,True,0.0,0.0,True,0.999996542930603,0.0009765625,3.0139926820993423e-06,0,0.0,0.0,0.0026629925705492496,9.327661246061325e-06,0.9999964237213135,0.0,0.0,True,0.9999964833259583,0.015625,1.554704795125872e-05,0,0.0,0.0,0.002678396413102746,0.0002462099364493042,0.015625,3.2068087421066593e-06,0,0.0,0.0,0.002677090233191848,3.191037103533745e-05,bfloat16,"[28.99944091796875, 29.06318603515625]",56.83137972255119,100,29.0345361328125,29.054638183593752,29.06233125,36999596173.53593,35268.34371714854,5,"[6.990386352539063, 7.019959106445312]",78.41599999140358,100,7.0141839599609375,7.0179027099609375,7.019753466796875,153156249983.2101,145989.89787626025,5,128,8,True,64,0.0,0.0,True,1.0,0.001953125,2.1387577362474985e-06,0,0.0,0.0,0.00030550744850188494,1.4578849004465155e-05,276.25048828125,1372.376953125,0.0,4056.0,32,"[{""output"":{""max_abs"":0.0,""mean_abs"":0.0,""rmse"":0.0,""relative_l2"":0.0,""cosine"":1.0,""actual_nan"":0.0,""reference_nan"":0.0,""actual_inf"":0.0,""reference_inf"":0.0,""allclose"":true,""mismatch_count"":0},""dQ"":{""max_abs"":0.0,""mean_abs"":0.0,""rmse"":0.0,""relative_l2"":0.0,""cosine"":0.9999998807907104,""actual_nan"":0.0,""reference_nan"":0.0,""actual_inf"":0.0,""reference_inf"":0.0,""allclose"":true,""mismatch_count"":0},""dK"":{""max_abs"":0.0,""mean_abs"":0.0,""rmse"":0.0,""relative_l2"":0.0,""cosine"":0.9999999403953552,""actual_nan"":0.0,""reference_nan"":0.0,""actual_inf"":0.0,""reference_inf"":0.0,""allclose"":true,""mismatch_count"":0},""dV"":{""max_abs"":0.0,""mean_abs"":0.0,""rmse"":0.0,""relative_l2"":0.0,""cosine"":1.000000238418579,""actual_nan"":0.0,""reference_nan"":0.0,""actual_inf"":0.0,""reference_inf"":0.0,""allclose"":true,""mismatch_count"":0}},{""output"":{""max_abs"":0.0,""mean_abs"":0.0,""rmse"":0.0,""relative_l2"":0.0,""cosine"":1.0,""actual_nan"":0.0,""reference_nan"":0.0,""actual_inf"":0.0,""reference_inf"":0.0,""allclose"":true,""mismatch_count"":0},""dQ"":{""max_abs"":0.0,""mean_abs"":0.0,""rmse"":0.0,""relative_l2"":0.0,""cosine"":0.9999998807907104,""actual_nan"":0.0,""reference_nan"":0.0,""actual_inf"":0.0,""reference_inf"":0.0,""allclose"":true,""mismatch_count"":0},""dK"":{""max_abs"":0.0,""mean_abs"":0.0,""rmse"":0.0,""relative_l2"":0.0,""cosine"":0.9999999403953552,""actual_nan"":0.0,""reference_nan"":0.0,""actual_inf"":0.0,""reference_inf"":0.0,""allclose"":true,""mismatch_count"":0},""dV"":{""max_abs"":0.0,""mean_abs"":0.0,""rmse"":0.0,""relative_l2"":0.0,""cosine"":1.000000238418579,""actual_nan"":0.0,""reference_nan"":0.0,""actual_inf"":0.0,""reference_inf"":0.0,""allclose"":true,""mismatch_count"":0}}]",ok
True,0.7777691526260678,"[0.772744939629619, 0.8263222330668049]",3.75227047900328,"[3.663741890609895, 3.770342673137403]",True,1.0091734258961804,"[1.0025102633005378, 1.0123279212997023]",4.619409308808129,"[4.608405253809721, 4.650112112008445]",True,True,uniform,tilelang,"[25.9533984375, 26.04008544921875]",42.30552158322155,100,26.00248046875,26.03613134765625,26.0396900390625,41313985921.11479,39380.85834659704,5,2410.26123046875,6688.0,1,16,65536,0.0,0.0,True,0.0,0.0,True,0.9999922513961792,0.001953125,5.97299549554009e-06,0,0.0,0.0,0.003989346791058779,1.397286632709438e-05,0.9999913573265076,0.0,0.0,True,0.9999909996986389,0.015625,2.8014974304824136e-05,0,0.0,0.0,0.004219412803649902,0.00033232694840990007,0.015625,6.3121033235802315e-06,0,0.0,0.0,0.004194194916635752,4.348945367382839e-05,0.0,0.0,True,0.9999932050704956,0.015625,3.5650180507218465e-05,0,0.0,0.0,0.0036686209496110678,0.00015324680134654045,0.0,0.0,True,0.0,0.0,True,0.9999966621398926,0.0009765625,3.0140975013637217e-06,0,0.0,0.0,0.0026629965286701918,9.327674888481852e-06,0.9999963641166687,0.0,0.0,True,0.9999964833259583,0.015625,1.5543946574325673e-05,0,0.0,0.0,0.0026779063045978546,0.0002461648837197572,0.015625,3.2068642212834675e-06,0,0.0,0.0,0.0026766418013721704,3.190502684446983e-05,bfloat16,"[34.21114013671875, 34.29859619140625]",48.20007896022864,100,34.233818359375,34.29122119140625,34.29785869140625,31380259739.73219,29911.942315355995,5,"[8.192044067382813, 8.266183471679687]",66.69796426120226,100,8.246492309570312,8.262380249023437,8.265803149414062,130269461447.66066,124174.007754984,5,128,8,True,64,0.0,0.0,True,1.0,0.001953125,2.1392363578343065e-06,0,0.0,0.0,0.0003055478155147284,1.4580776223738212e-05,812.25048828125,3222.51171875,0.0,6688.0,32,"[{""output"":{""max_abs"":0.0,""mean_abs"":0.0,""rmse"":0.0,""relative_l2"":0.0,""cosine"":1.0000001192092896,""actual_nan"":0.0,""reference_nan"":0.0,""actual_inf"":0.0,""reference_inf"":0.0,""allclose"":true,""mismatch_count"":0},""dQ"":{""max_abs"":0.0,""mean_abs"":0.0,""rmse"":0.0,""relative_l2"":0.0,""cosine"":1.0,""actual_nan"":0.0,""reference_nan"":0.0,""actual_inf"":0.0,""reference_inf"":0.0,""allclose"":true,""mismatch_count"":0},""dK"":{""max_abs"":0.0,""mean_abs"":0.0,""rmse"":0.0,""relative_l2"":0.0,""cosine"":1.0,""actual_nan"":0.0,""reference_nan"":0.0,""actual_inf"":0.0,""reference_inf"":0.0,""allclose"":true,""mismatch_count"":0},""dV"":{""max_abs"":0.0,""mean_abs"":0.0,""rmse"":0.0,""relative_l2"":0.0,""cosine"":1.0000001192092896,""actual_nan"":0.0,""reference_nan"":0.0,""actual_inf"":0.0,""reference_inf"":0.0,""allclose"":true,""mismatch_count"":0}},{""output"":{""max_abs"":0.0,""mean_abs"":0.0,""rmse"":0.0,""relative_l2"":0.0,""cosine"":1.0000001192092896,""actual_nan"":0.0,""reference_nan"":0.0,""actual_inf"":0.0,""reference_inf"":0.0,""allclose"":true,""mismatch_count"":0},""dQ"":{""max_abs"":0.0,""mean_abs"":0.0,""rmse"":0.0,""relative_l2"":0.0,""cosine"":1.0,""actual_nan"":0.0,""reference_nan"":0.0,""actual_inf"":0.0,""reference_inf"":0.0,""allclose"":true,""mismatch_count"":0},""dK"":{""max_abs"":0.0,""mean_abs"":0.0,""rmse"":0.0,""relative_l2"":0.0,""cosine"":1.0,""actual_nan"":0.0,""reference_nan"":0.0,""actual_inf"":0.0,""reference_inf"":0.0,""allclose"":true,""mismatch_count"":0},""dV"":{""max_abs"":0.0,""mean_abs"":0.0,""rmse"":0.0,""relative_l2"":0.0,""cosine"":1.0000001192092896,""actual_nan"":0.0,""reference_nan"":0.0,""actual_inf"":0.0,""reference_inf"":0.0,""allclose"":true,""mismatch_count"":0}}]",ok
