acceptance_backward_accepted,acceptance_backward_latency_vs_flex,acceptance_backward_latency_vs_flex_ci95,acceptance_backward_sdpa_speedup,acceptance_backward_sdpa_speedup_ci95,acceptance_forward_accepted,acceptance_forward_latency_vs_flex,acceptance_forward_latency_vs_flex_ci95,acceptance_forward_sdpa_speedup,acceptance_forward_sdpa_speedup_ci95,accepted,accuracy_valid,anchor_distribution,backend,backward_bootstrap_median_ci95_ms,backward_effective_tflops,backward_iterations_per_round,backward_p50_ms,backward_p90_ms,backward_p99_ms,backward_qk_pairs_per_second,backward_query_tokens_per_second,backward_rounds,baseline_allocated_mib,baseline_reserved_mib,batch_size,block_size,context_len,dK_actual_inf,dK_actual_nan,dK_context_actual_inf,dK_context_actual_nan,dK_context_cosine,dK_context_max_abs,dK_context_mean_abs,dK_context_reference_inf,dK_context_reference_nan,dK_context_relative_l2,dK_context_rmse,dK_cosine,dK_draft_actual_inf,dK_draft_actual_nan,dK_draft_cosine,dK_draft_max_abs,dK_draft_mean_abs,dK_draft_reference_inf,dK_draft_reference_nan,dK_draft_relative_l2,dK_draft_rmse,dK_max_abs,dK_mean_abs,dK_reference_inf,dK_reference_nan,dK_relative_l2,dK_rmse,dQ_actual_inf,dQ_actual_nan,dQ_cosine,dQ_max_abs,dQ_mean_abs,dQ_reference_inf,dQ_reference_nan,dQ_relative_l2,dQ_rmse,dV_actual_inf,dV_actual_nan,dV_context_actual_inf,dV_context_actual_nan,dV_context_cosine,dV_context_max_abs,dV_context_mean_abs,dV_context_reference_inf,dV_context_reference_nan,dV_context_relative_l2,dV_context_rmse,dV_cosine,dV_draft_actual_inf,dV_draft_actual_nan,dV_draft_cosine,dV_draft_max_abs,dV_draft_mean_abs,dV_draft_reference_inf,dV_draft_reference_nan,dV_draft_relative_l2,dV_draft_rmse,dV_max_abs,dV_mean_abs,dV_reference_inf,dV_reference_nan,dV_relative_l2,dV_rmse,dtype,forward_backward_bootstrap_median_ci95_ms,forward_backward_effective_tflops,forward_backward_iterations_per_round,forward_backward_p50_ms,forward_backward_p90_ms,forward_backward_p99_ms,forward_backward_qk_pairs_per_second,forward_backward_query_tokens_per_second,forward_backward_rounds,forward_bootstrap_median_ci95_ms,forward_effective_tflops,forward_iterations_per_round,forward_p50_ms,forward_p90_ms,forward_p99_ms,forward_qk_pairs_per_second,forward_query_tokens_per_second,forward_rounds,head_dim,kv_heads,memory_not_above_sdpa,num_anchors,output_actual_inf,output_actual_nan,output_cosine,output_max_abs,output_mean_abs,output_reference_inf,output_reference_nan,output_relative_l2,output_rmse,peak_allocated_delta_mib,peak_allocated_mib,peak_reserved_delta_mib,peak_reserved_mib,query_heads,repeat_drift,status
,,,,,,,,,,,True,uniform,flex,"[0.7682240009307861, 0.7682240009307861]",11.880396203375437,1,0.7682240009307861,0.7682240009307861,0.7682240009307861,11601949417.358826,1332944.5562222917,1,98.1298828125,276.0,1,16,512,0.0,0.0,0.0,0.0,0.9999918937683105,0.015625,0.0006362441927194595,0.0,0.0,0.0040502590127289295,0.0012204392114654183,0.9999920129776001,0.0,0.0,0.999991774559021,0.015625,0.00020641449373215437,0.0,0.0,0.0040300702676177025,0.0005355336470529437,0.015625,0.00034969107946380973,0.0,0.0,0.004044616129249334,0.0008292697020806372,0.0,0.0,0.9999932050704956,0.015625,0.0002522116410546005,0.0,0.0,0.0036765120457857847,0.0004605857247952372,0.0,0.0,0.0,0.0,0.9999964237213135,0.015625,0.00032053765607997775,0.0,0.0,0.0026717567816376686,0.0008379851933568716,0.9999963045120239,0.0,0.0,0.9999964833259583,0.015625,0.00011402217205613852,0.0,0.0,0.0026919988449662924,0.00040690996684134007,0.015625,0.0001828606764320284,0.0,0.0,0.0026781936176121235,0.0005869044689461589,bfloat16,"[0.8091520071029663, 0.8091520071029663]",16.91920447063526,1,0.8091520071029663,0.8091520071029663,0.8091520071029663,11015107077.236498,1265522.4123663255,1,"[0.16655999422073364, 0.16655999422073364]",27.397952151417286,1,0.16655999422073364,0.16655999422073364,0.16655999422073364,53511625295.736885,6147934.891513889,1,128,8,,64,0.0,0.0,0.9999989867210388,0.00390625,7.874770381022245e-05,0.0,0.0,0.0014633265091106296,0.0001961583038792014,23.25,121.3798828125,0.0,276.0,32,"[{""output"":{""max_abs"":0.0,""mean_abs"":0.0,""rmse"":0.0,""relative_l2"":0.0,""cosine"":1.0,""actual_nan"":0.0,""reference_nan"":0.0,""actual_inf"":0.0,""reference_inf"":0.0},""dQ"":{""max_abs"":0.0,""mean_abs"":0.0,""rmse"":0.0,""relative_l2"":0.0,""cosine"":0.9999998807907104,""actual_nan"":0.0,""reference_nan"":0.0,""actual_inf"":0.0,""reference_inf"":0.0},""dK"":{""max_abs"":0.0,""mean_abs"":0.0,""rmse"":0.0,""relative_l2"":0.0,""cosine"":1.0000001192092896,""actual_nan"":0.0,""reference_nan"":0.0,""actual_inf"":0.0,""reference_inf"":0.0},""dV"":{""max_abs"":0.0,""mean_abs"":0.0,""rmse"":0.0,""relative_l2"":0.0,""cosine"":0.9999999403953552,""actual_nan"":0.0,""reference_nan"":0.0,""actual_inf"":0.0,""reference_inf"":0.0}},{""output"":{""max_abs"":0.0,""mean_abs"":0.0,""rmse"":0.0,""relative_l2"":0.0,""cosine"":1.0,""actual_nan"":0.0,""reference_nan"":0.0,""actual_inf"":0.0,""reference_inf"":0.0},""dQ"":{""max_abs"":0.0,""mean_abs"":0.0,""rmse"":0.0,""relative_l2"":0.0,""cosine"":0.9999998807907104,""actual_nan"":0.0,""reference_nan"":0.0,""actual_inf"":0.0,""reference_inf"":0.0},""dK"":{""max_abs"":0.0,""mean_abs"":0.0,""rmse"":0.0,""relative_l2"":0.0,""cosine"":1.0000001192092896,""actual_nan"":0.0,""reference_nan"":0.0,""actual_inf"":0.0,""reference_inf"":0.0},""dV"":{""max_abs"":0.0,""mean_abs"":0.0,""rmse"":0.0,""relative_l2"":0.0,""cosine"":0.9999999403953552,""actual_nan"":0.0,""reference_nan"":0.0,""actual_inf"":0.0,""reference_inf"":0.0}}]",ok
,,,,,,,,,,,True,uniform,sdpa,"[2.8670079708099365, 2.8670079708099365]",3.1833903487270936,1,2.8670079708099365,2.8670079708099365,2.8670079708099365,3108779637.4288025,357166.77819724294,1,126.6298828125,356.0,1,16,512,0.0,0.0,0.0,0.0,1.0000001192092896,0.0,0.0,0.0,0.0,0.0,0.0,1.000000238418579,0.0,0.0,1.0,0.0,0.0,0.0,0.0,0.0,0.0,0.0,0.0,0.0,0.0,0.0,0.0,0.0,0.0,0.9999998807907104,0.0,0.0,0.0,0.0,0.0,0.0,0.0,0.0,0.0,0.0,1.0,0.0,0.0,0.0,0.0,0.0,0.0,0.9999998807907104,0.0,0.0,1.0,0.0,0.0,0.0,0.0,0.0,0.0,0.0,0.0,0.0,0.0,0.0,0.0,bfloat16,"[3.714207887649536, 3.714207887649536]",3.6859025316064313,1,3.714207887649536,3.714207887649536,3.714207887649536,2399676127.347937,275698.0844839082,1,"[1.1404160261154175, 1.1404160261154175]",4.001524573049234,1,1.1404160261154175,1.1404160261154175,1.1404160261154175,7815477681.736785,897917.9321848328,1,128,8,,64,0.0,0.0,1.0,0.0,0.0,0.0,0.0,0.0,0.0,103.265625,229.8955078125,0.0,356.0,32,"[{""output"":{""max_abs"":0.0,""mean_abs"":0.0,""rmse"":0.0,""relative_l2"":0.0,""cosine"":1.0,""actual_nan"":0.0,""reference_nan"":0.0,""actual_inf"":0.0,""reference_inf"":0.0},""dQ"":{""max_abs"":0.0,""mean_abs"":0.0,""rmse"":0.0,""relative_l2"":0.0,""cosine"":0.9999998807907104,""actual_nan"":0.0,""reference_nan"":0.0,""actual_inf"":0.0,""reference_inf"":0.0},""dK"":{""max_abs"":0.0,""mean_abs"":0.0,""rmse"":0.0,""relative_l2"":0.0,""cosine"":1.000000238418579,""actual_nan"":0.0,""reference_nan"":0.0,""actual_inf"":0.0,""reference_inf"":0.0},""dV"":{""max_abs"":0.0,""mean_abs"":0.0,""rmse"":0.0,""relative_l2"":0.0,""cosine"":0.9999998807907104,""actual_nan"":0.0,""reference_nan"":0.0,""actual_inf"":0.0,""reference_inf"":0.0}},{""output"":{""max_abs"":0.0,""mean_abs"":0.0,""rmse"":0.0,""relative_l2"":0.0,""cosine"":1.0,""actual_nan"":0.0,""reference_nan"":0.0,""actual_inf"":0.0,""reference_inf"":0.0},""dQ"":{""max_abs"":0.0,""mean_abs"":0.0,""rmse"":0.0,""relative_l2"":0.0,""cosine"":0.9999998807907104,""actual_nan"":0.0,""reference_nan"":0.0,""actual_inf"":0.0,""reference_inf"":0.0},""dK"":{""max_abs"":0.0,""mean_abs"":0.0,""rmse"":0.0,""relative_l2"":0.0,""cosine"":1.000000238418579,""actual_nan"":0.0,""reference_nan"":0.0,""actual_inf"":0.0,""reference_inf"":0.0},""dV"":{""max_abs"":0.0,""mean_abs"":0.0,""rmse"":0.0,""relative_l2"":0.0,""cosine"":0.9999998807907104,""actual_nan"":0.0,""reference_nan"":0.0,""actual_inf"":0.0,""reference_inf"":0.0}}]",ok
True,0.7153330136724841,"[0.7153330136724841, 0.7153330136724841]",5.217143233976349,"[5.217143233976349, 5.217143233976349]",False,1.9335255740651078,"[1.9335255740651078, 1.9335255740651078]",3.541136713227242,"[3.541136713227242, 3.541136713227242]",False,True,uniform,triton,"[0.5495359897613525, 0.5495359897613525]",16.608203418967165,1,0.5495359897613525,0.5495359897613525,0.5495359897613525,16218948651.335123,1863390.2402728773,1,98.13037109375,356.0,1,16,512,0.0,0.0,0.0,0.0,0.9999920725822449,0.015625,0.0006219247588887811,0.0,0.0,0.003989097196608782,0.00120200973469764,0.9999921321868896,0.0,0.0,0.9999921321868896,0.015625,0.00019940035417675972,0.0,0.0,0.003991952631622553,0.0005304684164002538,0.015625,0.0003402417933102697,0.0,0.0,0.0039898972027003765,0.0008180507575161755,0.0,0.0,0.9999936819076538,0.015625,0.00023703629267401993,0.0,0.0,0.0035527278669178486,0.0004450783017091453,0.0,0.0,0.0,0.0,0.9999964237213135,0.015625,0.00032044859835878015,0.0,0.0,0.002671595197170973,0.000837934494484216,0.9999964237213135,0.0,0.0,0.9999964237213135,0.015625,0.00011400035145925358,0.0,0.0,0.0026921737007796764,0.0004069363931193948,0.015625,0.00018281643860973418,0.0,0.0,0.002678139368072152,0.0005868925945833325,bfloat16,"[0.7271999716758728, 0.7271999716758728]",18.825919677155863,1,0.7271999716758728,0.7271999716758728,0.7271999716758728,12256458123.148348,1408140.8689278893,1,"[0.32204800844192505, 0.32204800844192505]",14.169945574505606,1,0.32204800844192505,0.32204800844192505,0.32204800844192505,27675674950.20626,3179650.1551248003,1,128,8,True,64,0.0,0.0,0.9999995231628418,0.00390625,3.6594159610103816e-05,0.0,0.0,0.001000553136691451,0.00013412372209131718,22.25048828125,120.380859375,0.0,356.0,32,"[{""output"":{""max_abs"":0.0,""mean_abs"":0.0,""rmse"":0.0,""relative_l2"":0.0,""cosine"":1.0,""actual_nan"":0.0,""reference_nan"":0.0,""actual_inf"":0.0,""reference_inf"":0.0},""dQ"":{""max_abs"":0.0,""mean_abs"":0.0,""rmse"":0.0,""relative_l2"":0.0,""cosine"":1.0,""actual_nan"":0.0,""reference_nan"":0.0,""actual_inf"":0.0,""reference_inf"":0.0},""dK"":{""max_abs"":0.0,""mean_abs"":0.0,""rmse"":0.0,""relative_l2"":0.0,""cosine"":1.0,""actual_nan"":0.0,""reference_nan"":0.0,""actual_inf"":0.0,""reference_inf"":0.0},""dV"":{""max_abs"":0.0,""mean_abs"":0.0,""rmse"":0.0,""relative_l2"":0.0,""cosine"":1.0000001192092896,""actual_nan"":0.0,""reference_nan"":0.0,""actual_inf"":0.0,""reference_inf"":0.0}},{""output"":{""max_abs"":0.0,""mean_abs"":0.0,""rmse"":0.0,""relative_l2"":0.0,""cosine"":1.0,""actual_nan"":0.0,""reference_nan"":0.0,""actual_inf"":0.0,""reference_inf"":0.0},""dQ"":{""max_abs"":0.0,""mean_abs"":0.0,""rmse"":0.0,""relative_l2"":0.0,""cosine"":1.0,""actual_nan"":0.0,""reference_nan"":0.0,""actual_inf"":0.0,""reference_inf"":0.0},""dK"":{""max_abs"":0.0,""mean_abs"":0.0,""rmse"":0.0,""relative_l2"":0.0,""cosine"":1.0,""actual_nan"":0.0,""reference_nan"":0.0,""actual_inf"":0.0,""reference_inf"":0.0},""dV"":{""max_abs"":0.0,""mean_abs"":0.0,""rmse"":0.0,""relative_l2"":0.0,""cosine"":1.0000001192092896,""actual_nan"":0.0,""reference_nan"":0.0,""actual_inf"":0.0,""reference_inf"":0.0}}]",ok
True,0.3628108352613848,"[0.3628108352613848, 0.3628108352613848]",10.286337754032674,"[10.286337754032674, 10.286337754032674]",False,1.1502402293433363,"[1.1502402293433363, 1.1502402293433363]",5.952563839811589,"[5.952563839811589, 5.952563839811589]",False,True,uniform,tilelang,"[0.2787199914455414, 0.2787199914455414]",32.74542832993475,1,0.2787199914455414,0.2787199914455414,0.2787199914455414,31977957353.4519,3673938.1150565143,1,83.12646484375,356.0,1,16,512,0.0,0.0,0.0,0.0,0.9999920129776001,0.015625,0.0006242586532607675,0.0,0.0,0.004005206283181906,0.0012068637879565358,0.9999920725822449,0.0,0.0,0.9999918937683105,0.015625,0.00020136547391302884,0.0,0.0,0.0040264371782541275,0.0005350508727133274,0.015625,0.0003423298476263881,0.0,0.0,0.004011163488030434,0.0008224109187722206,0.0,0.0,0.9999935626983643,0.015625,0.00023955482174642384,0.0,0.0,0.003579481737688184,0.00044842998613603413,0.0,0.0,0.0,0.0,0.9999964237213135,0.015625,0.00032056623604148626,0.0,0.0,0.0026728494558483362,0.0008383278618566692,0.9999964237213135,0.0,0.0,0.9999964237213135,0.015625,0.00011402342352084816,0.0,0.0,0.002692281035706401,0.0004069526039529592,0.015625,0.00018287105194758624,0.0,0.0,0.0026790278498083353,0.0005870872992090881,bfloat16,"[0.4676159918308258, 0.4676159918308258]",29.27660408361921,1,0.4676159918308258,0.4676159918308258,0.4676159918308258,19060289116.939587,2189831.010677802,1,"[0.1915840059518814, 0.1915840059518814]",23.819330477650375,1,0.1915840059518814,0.1915840059518814,0.1915840059518814,46522129839.16089,5344913.81424183,1,128,8,True,64,0.0,0.0,0.9999995231628418,0.00390625,3.6594261473510414e-05,0.0,0.0,0.0010006055235862732,0.00013413075066637248,51.25048828125,134.376953125,0.0,356.0,32,"[{""output"":{""max_abs"":0.0,""mean_abs"":0.0,""rmse"":0.0,""relative_l2"":0.0,""cosine"":1.0,""actual_nan"":0.0,""reference_nan"":0.0,""actual_inf"":0.0,""reference_inf"":0.0},""dQ"":{""max_abs"":0.0,""mean_abs"":0.0,""rmse"":0.0,""relative_l2"":0.0,""cosine"":0.9999998807907104,""actual_nan"":0.0,""reference_nan"":0.0,""actual_inf"":0.0,""reference_inf"":0.0},""dK"":{""max_abs"":0.0078125,""mean_abs"":1.140224981099891e-08,""rmse"":6.724479590047849e-06,""relative_l2"":3.279619704699144e-05,""cosine"":1.0,""actual_nan"":0.0,""reference_nan"":0.0,""actual_inf"":0.0,""reference_inf"":0.0},""dV"":{""max_abs"":0.0078125,""mean_abs"":1.310402808485378e-08,""rmse"":7.120996542653302e-06,""relative_l2"":3.249472865718417e-05,""cosine"":1.0000001192092896,""actual_nan"":0.0,""reference_nan"":0.0,""actual_inf"":0.0,""reference_inf"":0.0}},{""output"":{""max_abs"":0.0,""mean_abs"":0.0,""rmse"":0.0,""relative_l2"":0.0,""cosine"":1.0,""actual_nan"":0.0,""reference_nan"":0.0,""actual_inf"":0.0,""reference_inf"":0.0},""dQ"":{""max_abs"":0.0,""mean_abs"":0.0,""rmse"":0.0,""relative_l2"":0.0,""cosine"":0.9999998807907104,""actual_nan"":0.0,""reference_nan"":0.0,""actual_inf"":0.0,""reference_inf"":0.0},""dK"":{""max_abs"":0.00390625,""mean_abs"":1.0837055697265896e-08,""rmse"":4.87825400341535e-06,""relative_l2"":2.3791904823156074e-05,""cosine"":1.0,""actual_nan"":0.0,""reference_nan"":0.0,""actual_inf"":0.0,""reference_inf"":0.0},""dV"":{""max_abs"":0.0078125,""mean_abs"":2.111071317756341e-08,""rmse"":1.1108942999271676e-05,""relative_l2"":5.0692640797933564e-05,""cosine"":1.000000238418579,""actual_nan"":0.0,""reference_nan"":0.0,""actual_inf"":0.0,""reference_inf"":0.0}}]",ok
,,,,,,,,,,,True,uniform,flex,"[1.6127359867095947, 1.6127359867095947]",21.63814137439709,1,1.6127359867095947,1.6127359867095947,1.6127359867095947,21130997435.934658,634945.8364163059,1,124.1318359375,340.0,1,16,2048,0.0,0.0,0.0,0.0,0.9999919533729553,0.015625,0.00018089977675117552,0.0,0.0,0.004023084882646799,0.00038170881452970207,0.999991774559021,0.0,0.0,0.9999918341636658,0.015625,8.301270281663164e-05,0.0,0.0,0.004074037075042725,0.0003572580753825605,0.015625,0.00014827074483036995,0.0,0.0,0.004038400948047638,0.00037373637314885855,0.0,0.0,0.9999933242797852,0.015625,0.0001474560413043946,0.0,0.0,0.003651881590485573,0.00029299978632479906,0.0,0.0,0.0,0.0,0.9999966025352478,0.0078125,9.038600546773523e-05,0.0,0.0,0.0026834856253117323,0.0002572168887127191,0.9999963045120239,0.0,0.0,0.9999964833259583,0.015625,4.581124449032359e-05,0.0,0.0,0.0026918586809188128,0.0002765942772384733,0.015625,7.552775059593841e-05,0.0,0.0,0.002686543855816126,0.00026383419753983617,bfloat16,"[1.52457594871521, 1.52457594871521]",34.33408087285654,1,1.52457594871521,1.52457594871521,1.52457594871521,22352917234.932644,671662.176530428,1,"[0.3846080005168915, 0.3846080005168915]",45.366463039121555,1,0.3846080005168915,0.3846080005168915,0.3846080005168915,88606373123.28429,2662451.1154833017,1,128,8,,64,0.0,0.0,0.999998927116394,0.00390625,4.850735786021687e-05,0.0,0.0,0.0014520776458084583,0.0001237448595929891,28.25,152.3818359375,0.0,340.0,32,"[{""output"":{""max_abs"":0.0,""mean_abs"":0.0,""rmse"":0.0,""relative_l2"":0.0,""cosine"":1.0,""actual_nan"":0.0,""reference_nan"":0.0,""actual_inf"":0.0,""reference_inf"":0.0},""dQ"":{""max_abs"":0.0,""mean_abs"":0.0,""rmse"":0.0,""relative_l2"":0.0,""cosine"":1.0000001192092896,""actual_nan"":0.0,""reference_nan"":0.0,""actual_inf"":0.0,""reference_inf"":0.0},""dK"":{""max_abs"":0.0,""mean_abs"":0.0,""rmse"":0.0,""relative_l2"":0.0,""cosine"":0.9999998807907104,""actual_nan"":0.0,""reference_nan"":0.0,""actual_inf"":0.0,""reference_inf"":0.0},""dV"":{""max_abs"":0.0,""mean_abs"":0.0,""rmse"":0.0,""relative_l2"":0.0,""cosine"":1.0,""actual_nan"":0.0,""reference_nan"":0.0,""actual_inf"":0.0,""reference_inf"":0.0}},{""output"":{""max_abs"":0.0,""mean_abs"":0.0,""rmse"":0.0,""relative_l2"":0.0,""cosine"":1.0,""actual_nan"":0.0,""reference_nan"":0.0,""actual_inf"":0.0,""reference_inf"":0.0},""dQ"":{""max_abs"":0.0,""mean_abs"":0.0,""rmse"":0.0,""relative_l2"":0.0,""cosine"":1.0000001192092896,""actual_nan"":0.0,""reference_nan"":0.0,""actual_inf"":0.0,""reference_inf"":0.0},""dK"":{""max_abs"":0.0,""mean_abs"":0.0,""rmse"":0.0,""relative_l2"":0.0,""cosine"":0.9999998807907104,""actual_nan"":0.0,""reference_nan"":0.0,""actual_inf"":0.0,""reference_inf"":0.0},""dV"":{""max_abs"":0.0,""mean_abs"":0.0,""rmse"":0.0,""relative_l2"":0.0,""cosine"":1.0,""actual_nan"":0.0,""reference_nan"":0.0,""actual_inf"":0.0,""reference_inf"":0.0}}]",ok
,,,,,,,,,,,True,uniform,sdpa,"[4.462975978851318, 4.462975978851318]",7.819134462153591,1,4.462975978851318,4.462975978851318,4.462975978851318,7635873498.196866,229443.3142487039,1,181.1318359375,458.0,1,16,2048,0.0,0.0,0.0,0.0,1.0000001192092896,0.0,0.0,0.0,0.0,0.0,0.0,0.9999999403953552,0.0,0.0,1.0000001192092896,0.0,0.0,0.0,0.0,0.0,0.0,0.0,0.0,0.0,0.0,0.0,0.0,0.0,0.0,1.0,0.0001220703125,6.401990049198503e-11,0.0,0.0,9.157885187960346e-07,7.347605190943796e-08,0.0,0.0,0.0,0.0,1.0,0.0,0.0,0.0,0.0,0.0,0.0,0.9999998807907104,0.0,0.0,1.0000001192092896,0.0,0.0,0.0,0.0,0.0,0.0,0.0,0.0,0.0,0.0,0.0,0.0,bfloat16,"[7.06444787979126, 7.06444787979126]",7.409625608497898,1,7.06444787979126,7.06444787979126,7.06444787979126,4823975005.532486,144951.17204124056,1,"[1.8293119668960571, 1.8293119668960571]",9.538178810258351,1,1.8293119668960571,1.8293119668960571,1.8293119668960571,18629255488.785843,559773.3019466901,1,128,8,,64,0.0,0.0,0.9999999403953552,0.0,0.0,0.0,0.0,0.0,0.0,154.265625,335.3974609375,0.0,458.0,32,"[{""output"":{""max_abs"":0.0,""mean_abs"":0.0,""rmse"":0.0,""relative_l2"":0.0,""cosine"":0.9999999403953552,""actual_nan"":0.0,""reference_nan"":0.0,""actual_inf"":0.0,""reference_inf"":0.0},""dQ"":{""max_abs"":0.0001220703125,""mean_abs"":4.4009240696141205e-11,""rmse"":6.664205187689731e-08,""relative_l2"":8.306111567435437e-07,""cosine"":1.0,""actual_nan"":0.0,""reference_nan"":0.0,""actual_inf"":0.0,""reference_inf"":0.0},""dK"":{""max_abs"":0.0,""mean_abs"":0.0,""rmse"":0.0,""relative_l2"":0.0,""cosine"":0.9999999403953552,""actual_nan"":0.0,""reference_nan"":0.0,""actual_inf"":0.0,""reference_inf"":0.0},""dV"":{""max_abs"":0.0,""mean_abs"":0.0,""rmse"":0.0,""relative_l2"":0.0,""cosine"":0.9999998807907104,""actual_nan"":0.0,""reference_nan"":0.0,""actual_inf"":0.0,""reference_inf"":0.0}},{""output"":{""max_abs"":0.0,""mean_abs"":0.0,""rmse"":0.0,""relative_l2"":0.0,""cosine"":0.9999999403953552,""actual_nan"":0.0,""reference_nan"":0.0,""actual_inf"":0.0,""reference_inf"":0.0},""dQ"":{""max_abs"":0.0001220703125,""mean_abs"":8.590816946707491e-11,""rmse"":9.102375742031654e-08,""relative_l2"":1.134499029831204e-06,""cosine"":1.0,""actual_nan"":0.0,""reference_nan"":0.0,""actual_inf"":0.0,""reference_inf"":0.0},""dK"":{""max_abs"":0.0,""mean_abs"":0.0,""rmse"":0.0,""relative_l2"":0.0,""cosine"":0.9999999403953552,""actual_nan"":0.0,""reference_nan"":0.0,""actual_inf"":0.0,""reference_inf"":0.0},""dV"":{""max_abs"":0.0,""mean_abs"":0.0,""rmse"":0.0,""relative_l2"":0.0,""cosine"":0.9999998807907104,""actual_nan"":0.0,""reference_nan"":0.0,""actual_inf"":0.0,""reference_inf"":0.0}}]",ok
True,0.6299257647311882,"[0.6299257647311882, 0.6299257647311882]",4.393108206739717,"[4.393108206739717, 4.393108206739717]",True,0.847824262630641,"[0.847824262630641, 0.847824262630641]",5.6100098076768585,"[5.6100098076768585, 5.6100098076768585]",True,True,uniform,triton,"[1.0159039497375488, 1.0159039497375488]",34.35030377528828,1,1.0159039497375488,1.0159039497375488,1.0159039497375488,33545218530.554962,1007969.3068075409,1,124.13232421875,458.0,1,16,2048,0.0,0.0,0.0,0.0,0.9999921321868896,0.0078125,0.00017774233128875494,0.0,0.0,0.003980573732405901,0.00037767537287436426,0.9999918937683105,0.0,0.0,0.9999918937683105,0.015625,8.039968088269234e-05,0.0,0.0,0.004063728265464306,0.0003563540813047439,0.015625,0.0001452947617508471,0.0,0.0,0.004005641210824251,0.0003707045689225197,0.0,0.0,0.9999936819076538,0.015625,0.00014103975263424218,0.0,0.0,0.003553517861291766,0.0002851078170351684,0.0,0.0,0.0,0.0,0.9999964833259583,0.0078125,9.041899465955794e-05,0.0,0.0,0.002684469800442457,0.00025731121422722936,0.9999963641166687,0.0,0.0,0.9999964833259583,0.015625,4.5791795855620876e-05,0.0,0.0,0.002690953901037574,0.0002765013196039945,0.015625,7.554326293757185e-05,0.0,0.0,0.002686837688088417,0.0002638630394358188,bfloat16,"[1.1863679885864258, 1.1863679885864258]",44.121987801078234,1,1.1863679885864258,1.1863679885864258,1.1863679885864258,28725252474.66031,863138.5959933987,1,"[0.32607999444007874, 0.32607999444007874]",53.50927667292495,1,0.32607999444007874,0.32607999444007874,0.32607999444007874,104510306001.80653,3140333.7139965906,1,128,8,True,64,0.0,0.0,0.999999463558197,0.00390625,2.238455999759026e-05,0.0,0.0,0.001019527786411345,8.688331581652164e-05,28.25048828125,152.3828125,0.0,458.0,32,"[{""output"":{""max_abs"":0.0,""mean_abs"":0.0,""rmse"":0.0,""relative_l2"":0.0,""cosine"":1.0,""actual_nan"":0.0,""reference_nan"":0.0,""actual_inf"":0.0,""reference_inf"":0.0},""dQ"":{""max_abs"":0.0,""mean_abs"":0.0,""rmse"":0.0,""relative_l2"":0.0,""cosine"":1.0,""actual_nan"":0.0,""reference_nan"":0.0,""actual_inf"":0.0,""reference_inf"":0.0},""dK"":{""max_abs"":0.0,""mean_abs"":0.0,""rmse"":0.0,""relative_l2"":0.0,""cosine"":1.0,""actual_nan"":0.0,""reference_nan"":0.0,""actual_inf"":0.0,""reference_inf"":0.0},""dV"":{""max_abs"":0.0,""mean_abs"":0.0,""rmse"":0.0,""relative_l2"":0.0,""cosine"":1.0000001192092896,""actual_nan"":0.0,""reference_nan"":0.0,""actual_inf"":0.0,""reference_inf"":0.0}},{""output"":{""max_abs"":0.0,""mean_abs"":0.0,""rmse"":0.0,""relative_l2"":0.0,""cosine"":1.0,""actual_nan"":0.0,""reference_nan"":0.0,""actual_inf"":0.0,""reference_inf"":0.0},""dQ"":{""max_abs"":0.0,""mean_abs"":0.0,""rmse"":0.0,""relative_l2"":0.0,""cosine"":1.0,""actual_nan"":0.0,""reference_nan"":0.0,""actual_inf"":0.0,""reference_inf"":0.0},""dK"":{""max_abs"":0.0,""mean_abs"":0.0,""rmse"":0.0,""relative_l2"":0.0,""cosine"":1.0,""actual_nan"":0.0,""reference_nan"":0.0,""actual_inf"":0.0,""reference_inf"":0.0},""dV"":{""max_abs"":0.0,""mean_abs"":0.0,""rmse"":0.0,""relative_l2"":0.0,""cosine"":1.0000001192092896,""actual_nan"":0.0,""reference_nan"":0.0,""actual_inf"":0.0,""reference_inf"":0.0}}]",ok
True,0.557164963732416,"[0.557164963732416, 0.557164963732416]",4.966809162118122,"[4.966809162118122, 4.966809162118122]",True,0.8084698979946461,"[0.8084698979946461, 0.8084698979946461]",5.883091553986088,"[5.883091553986088, 5.883091553986088]",True,True,uniform,tilelang,"[0.8985599875450134, 0.8985599875450134]",38.83614868645802,1,0.8985599875450134,0.8985599875450134,0.8985599875450134,37925926451.619156,1139601.15539721,1,124.13232421875,458.0,1,16,2048,0.0,0.0,0.0,0.0,0.9999920725822449,0.009765625,0.00017821471556089818,0.0,0.0,0.004000680986791849,0.0003795831580646336,0.999991774559021,0.0,0.0,0.9999915957450867,0.015625,8.133961819112301e-05,0.0,0.0,0.004108945839107037,0.00036031927447766066,0.015625,0.0001459230261389166,0.0,0.0,0.0040333871729671955,0.00037327231257222593,0.0,0.0,0.9999935626983643,0.015625,0.00014228030340746045,0.0,0.0,0.003590656677260995,0.0002880875545088202,0.0,0.0,0.0,0.0,0.9999964237213135,0.0078125,9.041238081408665e-05,0.0,0.0,0.0026842167135328054,0.00025728694163262844,0.9999963045120239,0.0,0.0,0.9999964833259583,0.015625,4.579138112603687e-05,0.0,0.0,0.002690948313102126,0.00027650073752738535,0.015625,7.553871546406299e-05,0.0,0.0,0.002686674939468503,0.00026384706143289804,bfloat16,"[1.325376033782959, 1.325376033782959]",39.49438694058346,1,1.325376033782959,1.325376033782959,1.325376033782959,25712491497.775692,772610.9224091254,1,"[0.31094399094581604, 0.31094399094581604]",56.11397919903998,1,0.31094399094581604,0.31094399094581604,0.31094399094581604,109597615623.12497,3293197.584829476,1,128,8,True,64,0.0,0.0,0.999999463558197,0.00390625,2.238746492366772e-05,0.0,0.0,0.0010196485091000795,8.68936040205881e-05,68.25048828125,192.3828125,0.0,458.0,32,"[{""output"":{""max_abs"":0.0,""mean_abs"":0.0,""rmse"":0.0,""relative_l2"":0.0,""cosine"":1.0,""actual_nan"":0.0,""reference_nan"":0.0,""actual_inf"":0.0,""reference_inf"":0.0},""dQ"":{""max_abs"":0.0,""mean_abs"":0.0,""rmse"":0.0,""relative_l2"":0.0,""cosine"":1.0,""actual_nan"":0.0,""reference_nan"":0.0,""actual_inf"":0.0,""reference_inf"":0.0},""dK"":{""max_abs"":0.001953125,""mean_abs"":3.6342218123763814e-09,""rmse"":1.628697305022797e-06,""relative_l2"":1.7598820704733953e-05,""cosine"":0.9999998807907104,""actual_nan"":0.0,""reference_nan"":0.0,""actual_inf"":0.0,""reference_inf"":0.0},""dV"":{""max_abs"":0.001953125,""mean_abs"":6.259035512101718e-09,""rmse"":2.18073137148167e-06,""relative_l2"":2.220581882284023e-05,""cosine"":1.0000001192092896,""actual_nan"":0.0,""reference_nan"":0.0,""actual_inf"":0.0,""reference_inf"":0.0}},{""output"":{""max_abs"":0.0,""mean_abs"":0.0,""rmse"":0.0,""relative_l2"":0.0,""cosine"":1.0,""actual_nan"":0.0,""reference_nan"":0.0,""actual_inf"":0.0,""reference_inf"":0.0},""dQ"":{""max_abs"":0.0,""mean_abs"":0.0,""rmse"":0.0,""relative_l2"":0.0,""cosine"":1.0,""actual_nan"":0.0,""reference_nan"":0.0,""actual_inf"":0.0,""reference_inf"":0.0},""dK"":{""max_abs"":0.001953125,""mean_abs"":4.538852405033822e-09,""rmse"":1.9740227799047716e-06,""relative_l2"":2.1330219169612974e-05,""cosine"":0.9999999403953552,""actual_nan"":0.0,""reference_nan"":0.0,""actual_inf"":0.0,""reference_inf"":0.0},""dV"":{""max_abs"":0.001953125,""mean_abs"":5.263692592905045e-09,""rmse"":2.0780498743988574e-06,""relative_l2"":2.1160240066819824e-05,""cosine"":1.0000001192092896,""actual_nan"":0.0,""reference_nan"":0.0,""actual_inf"":0.0,""reference_inf"":0.0}}]",ok
,,,,,,,,,,,True,uniform,flex,"[4.078432083129883, 4.078432083129883]",33.83060489219037,1,4.078432083129883,4.078432083129883,4.078432083129883,33037700090.029663,251076.8793320591,1,284.14453125,712.0,1,16,8192,0.0,0.0,0.0,0.0,0.9999918937683105,0.0078125,4.783955591847189e-05,0.0,0.0,0.0040374877862632275,0.0001070214420906268,0.9999917149543762,0.0,0.0,0.9999916553497314,0.03125,4.061048093717545e-05,0.0,0.0,0.004098240286111832,0.00031288969330489635,0.03125,4.70363229396753e-05,0.0,0.0,0.004068528767675161,0.0001451162970624864,0.0,0.0,0.9999932050704956,0.015625,8.328448166139424e-05,0.0,0.0,0.0036832191981375217,0.00019738833361770958,0.0,0.0,0.0,0.0,0.9999964237213135,0.00390625,2.3696087737334892e-05,0.0,0.0,0.0026722298935055733,7.088393613230437e-05,0.999996542930603,0.0,0.0,0.9999964833259583,0.015625,2.2761078071198426e-05,0.0,0.0,0.0026040575467050076,0.00024439539993181825,0.015625,2.359219615755137e-05,0.0,0.0,0.0026308479718863964,0.000105369916127529,bfloat16,"[5.760416030883789, 5.760416030883789]",35.92860923002582,1,5.760416030883789,5.760416030883789,5.760416030883789,23391021634.13139,177764.93824576994,1,"[1.2219200134277344, 1.2219200134277344]",56.458615485374416,1,1.2219200134277344,1.2219200134277344,1.2219200134277344,110270733369.8719,838025.3934359185,1,128,8,,64,0.0,0.0,0.9999993443489075,0.001953125,2.657079130585771e-05,0.0,0.0,0.0011813086457550526,7.055693276925012e-05,52.25,336.39453125,0.0,712.0,32,"[{""output"":{""max_abs"":0.0,""mean_abs"":0.0,""rmse"":0.0,""relative_l2"":0.0,""cosine"":1.0,""actual_nan"":0.0,""reference_nan"":0.0,""actual_inf"":0.0,""reference_inf"":0.0},""dQ"":{""max_abs"":0.0,""mean_abs"":0.0,""rmse"":0.0,""relative_l2"":0.0,""cosine"":1.0000001192092896,""actual_nan"":0.0,""reference_nan"":0.0,""actual_inf"":0.0,""reference_inf"":0.0},""dK"":{""max_abs"":0.0,""mean_abs"":0.0,""rmse"":0.0,""relative_l2"":0.0,""cosine"":1.0,""actual_nan"":0.0,""reference_nan"":0.0,""actual_inf"":0.0,""reference_inf"":0.0},""dV"":{""max_abs"":0.0,""mean_abs"":0.0,""rmse"":0.0,""relative_l2"":0.0,""cosine"":1.0,""actual_nan"":0.0,""reference_nan"":0.0,""actual_inf"":0.0,""reference_inf"":0.0}},{""output"":{""max_abs"":0.0,""mean_abs"":0.0,""rmse"":0.0,""relative_l2"":0.0,""cosine"":1.0,""actual_nan"":0.0,""reference_nan"":0.0,""actual_inf"":0.0,""reference_inf"":0.0},""dQ"":{""max_abs"":0.0,""mean_abs"":0.0,""rmse"":0.0,""relative_l2"":0.0,""cosine"":1.0000001192092896,""actual_nan"":0.0,""reference_nan"":0.0,""actual_inf"":0.0,""reference_inf"":0.0},""dK"":{""max_abs"":0.0,""mean_abs"":0.0,""rmse"":0.0,""relative_l2"":0.0,""cosine"":1.0,""actual_nan"":0.0,""reference_nan"":0.0,""actual_inf"":0.0,""reference_inf"":0.0},""dV"":{""max_abs"":0.0,""mean_abs"":0.0,""rmse"":0.0,""relative_l2"":0.0,""cosine"":1.0,""actual_nan"":0.0,""reference_nan"":0.0,""actual_inf"":0.0,""reference_inf"":0.0}}]",ok
,,,,,,,,,,,True,uniform,sdpa,"[14.288352012634277, 14.288352012634277]",9.656524717615914,1,14.288352012634277,14.288352012634277,14.288352012634277,9430199919.546791,71666.76738468804,1,455.14453125,1008.0,1,16,8192,0.0,0.0,0.0,0.0,1.0,0.0,0.0,0.0,0.0,0.0,0.0,1.0,0.0,0.0,1.0000001192092896,0.0,0.0,0.0,0.0,0.0,0.0,0.0,0.0,0.0,0.0,0.0,0.0,0.0,0.0,0.9999999403953552,0.000244140625,8.762589542854471e-10,0.0,0.0,5.135967057867674e-06,2.752429111296806e-07,0.0,0.0,0.0,0.0,1.0,0.0,0.0,0.0,0.0,0.0,0.0,1.0,0.0,0.0,1.0,0.0,0.0,0.0,0.0,0.0,0.0,0.0,0.0,0.0,0.0,0.0,0.0,bfloat16,"[19.578432083129883, 19.578432083129883]",10.571006692325179,1,19.578432083129883,19.578432083129883,19.578432083129883,6882165815.315873,52302.451782252196,1,"[5.211296081542969, 5.211296081542969]",13.238148651030773,1,5.211296081542969,5.211296081542969,5.211296081542969,25855759084.04448,196496.22358375243,1,128,8,,64,0.0,0.0,1.0,0.0,0.0,0.0,0.0,0.0,0.0,358.265625,813.41015625,0.0,1008.0,32,"[{""output"":{""max_abs"":0.0,""mean_abs"":0.0,""rmse"":0.0,""relative_l2"":0.0,""cosine"":1.0,""actual_nan"":0.0,""reference_nan"":0.0,""actual_inf"":0.0,""reference_inf"":0.0},""dQ"":{""max_abs"":0.000244140625,""mean_abs"":1.290428208733374e-09,""rmse"":3.930560410481121e-07,""relative_l2"":7.334331712627318e-06,""cosine"":0.9999998807907104,""actual_nan"":0.0,""reference_nan"":0.0,""actual_inf"":0.0,""reference_inf"":0.0},""dK"":{""max_abs"":0.0,""mean_abs"":0.0,""rmse"":0.0,""relative_l2"":0.0,""cosine"":1.0,""actual_nan"":0.0,""reference_nan"":0.0,""actual_inf"":0.0,""reference_inf"":0.0},""dV"":{""max_abs"":0.0,""mean_abs"":0.0,""rmse"":0.0,""relative_l2"":0.0,""cosine"":1.0,""actual_nan"":0.0,""reference_nan"":0.0,""actual_inf"":0.0,""reference_inf"":0.0}},{""output"":{""max_abs"":0.0,""mean_abs"":0.0,""rmse"":0.0,""relative_l2"":0.0,""cosine"":1.0,""actual_nan"":0.0,""reference_nan"":0.0,""actual_inf"":0.0,""reference_inf"":0.0},""dQ"":{""max_abs"":0.000244140625,""mean_abs"":1.1879441874640406e-09,""rmse"":3.3876281690936594e-07,""relative_l2"":6.321233286143979e-06,""cosine"":0.9999999403953552,""actual_nan"":0.0,""reference_nan"":0.0,""actual_inf"":0.0,""reference_inf"":0.0},""dK"":{""max_abs"":0.0,""mean_abs"":0.0,""rmse"":0.0,""relative_l2"":0.0,""cosine"":1.0,""actual_nan"":0.0,""reference_nan"":0.0,""actual_inf"":0.0,""reference_inf"":0.0},""dV"":{""max_abs"":0.0,""mean_abs"":0.0,""rmse"":0.0,""relative_l2"":0.0,""cosine"":1.0,""actual_nan"":0.0,""reference_nan"":0.0,""actual_inf"":0.0,""reference_inf"":0.0}}]",ok
True,0.7094647760131657,"[0.7094647760131657, 0.7094647760131658]",4.938079396122438,"[4.938079396122438, 4.938079396122438]",True,0.6778840000124875,"[0.6778840000124875, 0.6778840000124875]",6.291404186141028,"[6.291404186141028, 6.291404186141028]",True,True,uniform,triton,"[2.8935039043426514, 2.8935039043426514]",47.68468574620619,1,2.8935039043426514,2.8935039043426514,2.8935039043426514,46567075924.02949,353896.1874090276,1,284.14501953125,1008.0,1,16,8192,0.0,0.0,0.0,0.0,0.9999920725822449,0.0078125,4.686105239670724e-05,0.0,0.0,0.003999779466539621,0.00010602191468933597,0.9999920129776001,0.0,0.0,0.9999920129776001,0.015625,3.9144721085904166e-05,0.0,0.0,0.004003031644970179,0.00030562077881768346,0.015625,4.600368265528232e-05,0.0,0.0,0.004001435358077288,0.00014272322005126625,0.0,0.0,0.9999936819076538,0.01220703125,7.973265019245446e-05,0.0,0.0,0.0035452924203127623,0.0001899966737255454,0.0,0.0,0.0,0.0,0.9999963641166687,0.00390625,2.3695771233178675e-05,0.0,0.0,0.002672102302312851,7.088055281201378e-05,0.9999964833259583,0.0,0.0,0.9999966025352478,0.015625,2.2760756110074e-05,0.0,0.0,0.002604037756100297,0.000244393537286669,0.015625,2.3591879653395154e-05,0.0,0.0,0.002630785573273897,0.00010536741319810972,bfloat16,"[3.8247361183166504, 3.8247361183166504]",54.111899533369446,1,3.8247361183166504,3.8247361183166504,3.8247361183166504,35229101258.70406,267730.8887000248,1,"[0.8283200263977051, 0.8283200263977051]",83.2865438398522,1,0.8283200263977051,0.8283200263977051,0.8283200263977051,162669030937.21133,1236237.1636157234,1,128,8,True,64,0.0,0.0,0.9999997019767761,0.001953125,1.0494361049495637e-05,0.0,0.0,0.0008497806848026812,5.0755508709698915e-05,52.25048828125,336.3955078125,0.0,1008.0,32,"[{""output"":{""max_abs"":0.0,""mean_abs"":0.0,""rmse"":0.0,""relative_l2"":0.0,""cosine"":1.0,""actual_nan"":0.0,""reference_nan"":0.0,""actual_inf"":0.0,""reference_inf"":0.0},""dQ"":{""max_abs"":0.0,""mean_abs"":0.0,""rmse"":0.0,""relative_l2"":0.0,""cosine"":0.9999999403953552,""actual_nan"":0.0,""reference_nan"":0.0,""actual_inf"":0.0,""reference_inf"":0.0},""dK"":{""max_abs"":0.0,""mean_abs"":0.0,""rmse"":0.0,""relative_l2"":0.0,""cosine"":1.0,""actual_nan"":0.0,""reference_nan"":0.0,""actual_inf"":0.0,""reference_inf"":0.0},""dV"":{""max_abs"":0.0,""mean_abs"":0.0,""rmse"":0.0,""relative_l2"":0.0,""cosine"":1.0,""actual_nan"":0.0,""reference_nan"":0.0,""actual_inf"":0.0,""reference_inf"":0.0}},{""output"":{""max_abs"":0.0,""mean_abs"":0.0,""rmse"":0.0,""relative_l2"":0.0,""cosine"":1.0,""actual_nan"":0.0,""reference_nan"":0.0,""actual_inf"":0.0,""reference_inf"":0.0},""dQ"":{""max_abs"":0.0,""mean_abs"":0.0,""rmse"":0.0,""relative_l2"":0.0,""cosine"":0.9999999403953552,""actual_nan"":0.0,""reference_nan"":0.0,""actual_inf"":0.0,""reference_inf"":0.0},""dK"":{""max_abs"":0.0,""mean_abs"":0.0,""rmse"":0.0,""relative_l2"":0.0,""cosine"":1.0,""actual_nan"":0.0,""reference_nan"":0.0,""actual_inf"":0.0,""reference_inf"":0.0},""dV"":{""max_abs"":0.0,""mean_abs"":0.0,""rmse"":0.0,""relative_l2"":0.0,""cosine"":1.0,""actual_nan"":0.0,""reference_nan"":0.0,""actual_inf"":0.0,""reference_inf"":0.0}}]",ok
True,0.7863100268300633,"[0.7863100268300633, 0.7863100268300633]",4.455486097295291,"[4.455486097295291, 4.455486097295291]",True,0.9698310512333018,"[0.9698310512333018, 0.9698310512333018]",4.397510504508111,"[4.397510504508111, 4.397510504508111]",True,True,uniform,tilelang,"[3.206912040710449, 3.206912040710449]",43.024511627526046,1,3.206912040710449,3.206912040710449,3.206912040710449,42016124636.255905,319310.2857205732,1,284.14501953125,1008.0,1,16,8192,0.0,0.0,0.0,0.0,0.9999920129776001,0.0078125,4.688004992203787e-05,0.0,0.0,0.004004147369414568,0.00010613768245093524,0.999991774559021,0.0,0.0,0.9999915957450867,0.015625,4.040049680043012e-05,0.0,0.0,0.0041291010566055775,0.00031524585210718215,0.015625,4.616009755409323e-05,0.0,0.0,0.004068238660693169,0.00014510595065075904,0.0,0.0,0.9999933838844299,0.015625,8.060387335717678e-05,0.0,0.0,0.003616499947384,0.00019381276797503233,0.0,0.0,0.0,0.0,0.9999964237213135,0.00390625,2.3698725271970034e-05,0.0,0.0,0.00267222267575562,7.08837469574064e-05,0.9999966025352478,0.0,0.0,0.9999964833259583,0.015625,2.2761571017326787e-05,0.0,0.0,0.002604058478027582,0.0002443954872433096,0.015625,2.359459722356405e-05,0.0,0.0,0.0026308458764106035,0.00010536982881603763,bfloat16,"[4.441023826599121, 4.441023826599121]",46.60270799188442,1,4.441023826599121,4.441023826599121,4.441023826599121,30340304682.21642,230577.46141032662,1,"[1.1850559711456299, 1.1850559711456299]",58.21489775314771,1,1.1850559711456299,1.1850559711456299,1.1850559711456299,113700972174.11662,864094.2073057258,1,128,8,True,64,0.0,0.0,0.9999997019767761,0.001953125,1.0496492905076593e-05,0.0,0.0,0.0008499757386744022,5.076715751783922e-05,140.25048828125,424.3955078125,0.0,1008.0,32,"[{""output"":{""max_abs"":0.0,""mean_abs"":0.0,""rmse"":0.0,""relative_l2"":0.0,""cosine"":1.0,""actual_nan"":0.0,""reference_nan"":0.0,""actual_inf"":0.0,""reference_inf"":0.0},""dQ"":{""max_abs"":0.0,""mean_abs"":0.0,""rmse"":0.0,""relative_l2"":0.0,""cosine"":1.0,""actual_nan"":0.0,""reference_nan"":0.0,""actual_inf"":0.0,""reference_inf"":0.0},""dK"":{""max_abs"":0.0,""mean_abs"":0.0,""rmse"":0.0,""relative_l2"":0.0,""cosine"":1.0,""actual_nan"":0.0,""reference_nan"":0.0,""actual_inf"":0.0,""reference_inf"":0.0},""dV"":{""max_abs"":0.0,""mean_abs"":0.0,""rmse"":0.0,""relative_l2"":0.0,""cosine"":1.0,""actual_nan"":0.0,""reference_nan"":0.0,""actual_inf"":0.0,""reference_inf"":0.0}},{""output"":{""max_abs"":0.0,""mean_abs"":0.0,""rmse"":0.0,""relative_l2"":0.0,""cosine"":1.0,""actual_nan"":0.0,""reference_nan"":0.0,""actual_inf"":0.0,""reference_inf"":0.0},""dQ"":{""max_abs"":0.0,""mean_abs"":0.0,""rmse"":0.0,""relative_l2"":0.0,""cosine"":1.0,""actual_nan"":0.0,""reference_nan"":0.0,""actual_inf"":0.0,""reference_inf"":0.0},""dK"":{""max_abs"":0.0,""mean_abs"":0.0,""rmse"":0.0,""relative_l2"":0.0,""cosine"":1.0,""actual_nan"":0.0,""reference_nan"":0.0,""actual_inf"":0.0,""reference_inf"":0.0},""dV"":{""max_abs"":0.0,""mean_abs"":0.0,""rmse"":0.0,""relative_l2"":0.0,""cosine"":1.0,""actual_nan"":0.0,""reference_nan"":0.0,""actual_inf"":0.0,""reference_inf"":0.0}}]",ok
,,,,,,,,,,,True,uniform,flex,"[8.74995231628418, 8.74995231628418]",31.47614614349804,1,8.74995231628418,8.74995231628418,8.74995231628418,30738423968.259804,117029.20918714898,1,404.146484375,1262.0,1,16,16384,0.0,0.0,0.0,0.0,0.9999918937683105,0.00390625,2.4192238925024867e-05,0.0,0.0,0.004038776736706495,5.516282908502035e-05,0.9999918341636658,0.0,0.0,0.9999917149543762,0.015625,3.259533332311548e-05,0.0,0.0,0.004056221339851618,0.00031204530387185514,0.015625,2.4686540200491436e-05,0.0,0.0,0.0040503814816474915,9.269154543289915e-05,0.0,0.0,0.9999933242797852,0.015625,6.22799270786345e-05,0.0,0.0,0.003684385446831584,0.00017356789612676948,0.0,0.0,0.0,0.0,0.9999964237213135,0.001953125,1.198679910885403e-05,0.0,0.0,0.002671021968126297,3.6430043110158294e-05,0.9999963641166687,0.0,0.0,0.9999963045120239,0.015625,1.877426984719932e-05,0.0,0.0,0.002687412081286311,0.0002440141688566655,0.015625,1.2386062735458836e-05,0.0,0.0,0.0026830744463950396,6.893188401591033e-05,bfloat16,"[10.492447853088379, 10.492447853088379]",39.373287584402945,1,10.492447853088379,10.492447853088379,10.492447853088379,25633650771.095665,97594.00421500238,1,"[2.1024959087371826, 2.1024959087371826]",65.49710197091936,1,2.1024959087371826,2.1024959087371826,2.1024959087371826,127924027286.95187,487040.18673455727,1,128,8,,64,0.0,0.0,0.9999995827674866,0.001953125,1.8381797417532653e-05,0.0,0.0,0.000945699808653444,4.983210237696767e-05,84.25,488.396484375,0.0,1262.0,32,"[{""output"":{""max_abs"":0.0,""mean_abs"":0.0,""rmse"":0.0,""relative_l2"":0.0,""cosine"":1.0,""actual_nan"":0.0,""reference_nan"":0.0,""actual_inf"":0.0,""reference_inf"":0.0},""dQ"":{""max_abs"":0.0,""mean_abs"":0.0,""rmse"":0.0,""relative_l2"":0.0,""cosine"":1.0,""actual_nan"":0.0,""reference_nan"":0.0,""actual_inf"":0.0,""reference_inf"":0.0},""dK"":{""max_abs"":0.0,""mean_abs"":0.0,""rmse"":0.0,""relative_l2"":0.0,""cosine"":1.0000001192092896,""actual_nan"":0.0,""reference_nan"":0.0,""actual_inf"":0.0,""reference_inf"":0.0},""dV"":{""max_abs"":0.0,""mean_abs"":0.0,""rmse"":0.0,""relative_l2"":0.0,""cosine"":1.0,""actual_nan"":0.0,""reference_nan"":0.0,""actual_inf"":0.0,""reference_inf"":0.0}},{""output"":{""max_abs"":0.0,""mean_abs"":0.0,""rmse"":0.0,""relative_l2"":0.0,""cosine"":1.0,""actual_nan"":0.0,""reference_nan"":0.0,""actual_inf"":0.0,""reference_inf"":0.0},""dQ"":{""max_abs"":0.0,""mean_abs"":0.0,""rmse"":0.0,""relative_l2"":0.0,""cosine"":1.0,""actual_nan"":0.0,""reference_nan"":0.0,""actual_inf"":0.0,""reference_inf"":0.0},""dK"":{""max_abs"":0.0,""mean_abs"":0.0,""rmse"":0.0,""relative_l2"":0.0,""cosine"":1.0000001192092896,""actual_nan"":0.0,""reference_nan"":0.0,""actual_inf"":0.0,""reference_inf"":0.0},""dV"":{""max_abs"":0.0,""mean_abs"":0.0,""rmse"":0.0,""relative_l2"":0.0,""cosine"":1.0,""actual_nan"":0.0,""reference_nan"":0.0,""actual_inf"":0.0,""reference_inf"":0.0}}]",ok
,,,,,,,,,,,True,uniform,sdpa,"[26.6625919342041, 26.6625919342041]",10.329632562942397,1,26.6625919342041,26.6625919342041,26.6625919342041,10087531799.748434,38405.868511469125,1,728.146484375,1704.0,1,16,16384,0.0,0.0,0.0,0.0,1.0000001192092896,0.0,0.0,0.0,0.0,0.0,0.0,1.0000001192092896,0.0,0.0,0.9999999403953552,0.0,0.0,0.0,0.0,0.0,0.0,0.0,0.0,0.0,0.0,0.0,0.0,0.0,0.0,1.0000001192092896,0.000244140625,1.813631578251318e-09,0.0,0.0,9.184781447402202e-06,4.3268633476145624e-07,0.0,0.0,0.0,0.0,1.0000001192092896,0.0,0.0,0.0,0.0,0.0,0.0,0.9999999403953552,0.0,0.0,1.0,0.0,0.0,0.0,0.0,0.0,0.0,0.0,0.0,0.0,0.0,0.0,0.0,bfloat16,"[36.132991790771484, 36.132991790771484]",11.433378370000158,1,36.132991790771484,36.132991790771484,36.132991790771484,7443605709.63552,28339.75127023757,1,"[10.029343605041504, 10.029343605041504]",13.730448806119064,1,10.029343605041504,10.029343605041504,10.029343605041504,26817282824.451298,102100.40061697162,1,128,8,,64,0.0,0.0,1.0000001192092896,0.0,0.0,0.0,0.0,0.0,0.0,630.265625,1358.412109375,0.0,1704.0,32,"[{""output"":{""max_abs"":0.0,""mean_abs"":0.0,""rmse"":0.0,""relative_l2"":0.0,""cosine"":1.0000001192092896,""actual_nan"":0.0,""reference_nan"":0.0,""actual_inf"":0.0,""reference_inf"":0.0},""dQ"":{""max_abs"":0.000244140625,""mean_abs"":1.1757008699930793e-09,""rmse"":3.1740046324557625e-07,""relative_l2"":6.737569037795765e-06,""cosine"":1.0000001192092896,""actual_nan"":0.0,""reference_nan"":0.0,""actual_inf"":0.0,""reference_inf"":0.0},""dK"":{""max_abs"":0.0,""mean_abs"":0.0,""rmse"":0.0,""relative_l2"":0.0,""cosine"":1.0000001192092896,""actual_nan"":0.0,""reference_nan"":0.0,""actual_inf"":0.0,""reference_inf"":0.0},""dV"":{""max_abs"":0.0,""mean_abs"":0.0,""rmse"":0.0,""relative_l2"":0.0,""cosine"":0.9999999403953552,""actual_nan"":0.0,""reference_nan"":0.0,""actual_inf"":0.0,""reference_inf"":0.0}},{""output"":{""max_abs"":0.0,""mean_abs"":0.0,""rmse"":0.0,""relative_l2"":0.0,""cosine"":1.0000001192092896,""actual_nan"":0.0,""reference_nan"":0.0,""actual_inf"":0.0,""reference_inf"":0.0},""dQ"":{""max_abs"":0.000244140625,""mean_abs"":1.5083976290242163e-09,""rmse"":3.83802358783214e-07,""relative_l2"":8.1471043813508e-06,""cosine"":1.0000001192092896,""actual_nan"":0.0,""reference_nan"":0.0,""actual_inf"":0.0,""reference_inf"":0.0},""dK"":{""max_abs"":0.0,""mean_abs"":0.0,""rmse"":0.0,""relative_l2"":0.0,""cosine"":1.0000001192092896,""actual_nan"":0.0,""reference_nan"":0.0,""actual_inf"":0.0,""reference_inf"":0.0},""dV"":{""max_abs"":0.0,""mean_abs"":0.0,""rmse"":0.0,""relative_l2"":0.0,""cosine"":0.9999999403953552,""actual_nan"":0.0,""reference_nan"":0.0,""actual_inf"":0.0,""reference_inf"":0.0}}]",ok
True,0.6610614289497864,"[0.6610614289497864, 0.6610614289497864]",4.609511062396294,"[4.609511062396294, 4.609511062396294]",True,0.7672557270748892,"[0.7672557270748892, 0.7672557270748892]",6.217233984377887,"[6.217233984377887, 6.217233984377886]",True,True,uniform,triton,"[5.7842559814453125, 5.7842559814453125]",47.61455556937196,1,5.7842559814453125,5.7842559814453125,5.7842559814453125,46498589423.214806,177032.27576455442,1,404.14697265625,1704.0,1,16,16384,0.0,0.0,0.0,0.0,0.9999921321868896,0.00390625,2.366557964705862e-05,0.0,0.0,0.003973482176661491,5.427101859822869e-05,0.9999921321868896,0.0,0.0,0.9999918341636658,0.015625,3.148653559037484e-05,0.0,0.0,0.004012196324765682,0.0003086584620177746,0.015625,2.4125636628014036e-05,0.0,0.0,0.003999258857220411,9.152162238024175e-05,0.0,0.0,0.9999938607215881,0.015625,5.956762834102847e-05,0.0,0.0,0.0035151850897818804,0.00016559702635277063,0.0,0.0,0.0,0.0,0.999996542930603,0.001953125,1.1984956472588237e-05,0.0,0.0,0.002671087859198451,3.6430941690923646e-05,0.9999963641166687,0.0,0.0,0.9999963045120239,0.015625,1.8770224414765835e-05,0.0,0.0,0.0026872202288359404,0.00024399675021413714,0.015625,1.238409004145069e-05,0.0,0.0,0.0026829505804926157,6.892870442243293e-05,bfloat16,"[7.639423847198486, 7.639423847198486]",54.077660180551355,1,7.639423847198486,7.639423847198486,7.639423847198486,35206810013.37979,134041.52204168108,1,"[1.613152027130127, 1.613152027130127]",85.36541293816424,1,1.613152027130127,1.613152027130127,1.613152027130127,166729322144.85202,634782.0805344329,1,128,8,True,64,0.0,0.0,0.9999998807907104,0.001953125,6.336270871543093e-06,0.0,0.0,0.0006537539302371442,3.444849426159635e-05,84.25048828125,488.3974609375,0.0,1704.0,32,"[{""output"":{""max_abs"":0.0,""mean_abs"":0.0,""rmse"":0.0,""relative_l2"":0.0,""cosine"":1.0,""actual_nan"":0.0,""reference_nan"":0.0,""actual_inf"":0.0,""reference_inf"":0.0},""dQ"":{""max_abs"":0.0,""mean_abs"":0.0,""rmse"":0.0,""relative_l2"":0.0,""cosine"":0.9999998807907104,""actual_nan"":0.0,""reference_nan"":0.0,""actual_inf"":0.0,""reference_inf"":0.0},""dK"":{""max_abs"":0.0,""mean_abs"":0.0,""rmse"":0.0,""relative_l2"":0.0,""cosine"":1.0000001192092896,""actual_nan"":0.0,""reference_nan"":0.0,""actual_inf"":0.0,""reference_inf"":0.0},""dV"":{""max_abs"":0.0,""mean_abs"":0.0,""rmse"":0.0,""relative_l2"":0.0,""cosine"":0.9999998807907104,""actual_nan"":0.0,""reference_nan"":0.0,""actual_inf"":0.0,""reference_inf"":0.0}},{""output"":{""max_abs"":0.0,""mean_abs"":0.0,""rmse"":0.0,""relative_l2"":0.0,""cosine"":1.0,""actual_nan"":0.0,""reference_nan"":0.0,""actual_inf"":0.0,""reference_inf"":0.0},""dQ"":{""max_abs"":0.0,""mean_abs"":0.0,""rmse"":0.0,""relative_l2"":0.0,""cosine"":0.9999998807907104,""actual_nan"":0.0,""reference_nan"":0.0,""actual_inf"":0.0,""reference_inf"":0.0},""dK"":{""max_abs"":0.0,""mean_abs"":0.0,""rmse"":0.0,""relative_l2"":0.0,""cosine"":1.0000001192092896,""actual_nan"":0.0,""reference_nan"":0.0,""actual_inf"":0.0,""reference_inf"":0.0},""dV"":{""max_abs"":0.0,""mean_abs"":0.0,""rmse"":0.0,""relative_l2"":0.0,""cosine"":0.9999998807907104,""actual_nan"":0.0,""reference_nan"":0.0,""actual_inf"":0.0,""reference_inf"":0.0}}]",ok
True,0.7325772562149931,"[0.7325772562149931, 0.7325772562149931]",4.159520301532912,"[4.159520301532912, 4.159520301532912]",True,0.8583930930711967,"[0.8583930930711967, 0.8583930930711967]",5.557137422916002,"[5.557137422916002, 5.557137422916002]",True,True,uniform,tilelang,"[6.410016059875488, 6.410016059875488]",42.96631635293435,1,6.410016059875488,6.410016059875488,6.410016059875488,41959293313.41245,159749.98977145943,1,404.14697265625,1704.0,1,16,16384,0.0,0.0,0.0,0.0,0.9999921321868896,0.00390625,2.3683063773205504e-05,0.0,0.0,0.003977745771408081,5.432925536297262e-05,0.9999918937683105,0.0,0.0,0.9999918341636658,0.015625,3.201549770892598e-05,0.0,0.0,0.004029071424156427,0.0003099566383752972,0.015625,2.4173205019906163e-05,0.0,0.0,0.004011936951428652,9.181176574202254e-05,0.0,0.0,0.9999938011169434,0.015625,6.0058169765397906e-05,0.0,0.0,0.00352946063503623,0.00016626952856313437,0.0,0.0,0.0,0.0,0.999996542930603,0.001953125,1.1986340723524336e-05,0.0,0.0,0.0026713537517935038,3.6434568755794317e-05,0.9999963641166687,0.0,0.0,0.9999963045120239,0.015625,1.8769676898955368e-05,0.0,0.0,0.0026872199960052967,0.00024399672111030668,0.015625,1.2385361515043769e-05,0.0,0.0,0.002683020196855068,6.893050158396363e-05,bfloat16,"[8.834431648254395, 8.834431648254395]",46.762732820014435,1,8.834431648254395,8.834431648254395,8.834431648254395,30444487513.03023,115910.1163233668,1,"[1.8047679662704468, 1.8047679662704468]",76.3019908939166,1,1.8047679662704468,1.8047679662704468,1.8047679662704468,149027325964.68085,567385.9571632891,1,128,8,True,64,0.0,0.0,0.9999998211860657,0.001953125,6.336722435662523e-06,0.0,0.0,0.0006539914757013321,3.446100890869275e-05,236.25048828125,640.3974609375,0.0,1704.0,32,"[{""output"":{""max_abs"":0.0,""mean_abs"":0.0,""rmse"":0.0,""relative_l2"":0.0,""cosine"":1.0,""actual_nan"":0.0,""reference_nan"":0.0,""actual_inf"":0.0,""reference_inf"":0.0},""dQ"":{""max_abs"":0.0,""mean_abs"":0.0,""rmse"":0.0,""relative_l2"":0.0,""cosine"":1.0,""actual_nan"":0.0,""reference_nan"":0.0,""actual_inf"":0.0,""reference_inf"":0.0},""dK"":{""max_abs"":0.0,""mean_abs"":0.0,""rmse"":0.0,""relative_l2"":0.0,""cosine"":0.9999999403953552,""actual_nan"":0.0,""reference_nan"":0.0,""actual_inf"":0.0,""reference_inf"":0.0},""dV"":{""max_abs"":0.0,""mean_abs"":0.0,""rmse"":0.0,""relative_l2"":0.0,""cosine"":1.0000001192092896,""actual_nan"":0.0,""reference_nan"":0.0,""actual_inf"":0.0,""reference_inf"":0.0}},{""output"":{""max_abs"":0.0,""mean_abs"":0.0,""rmse"":0.0,""relative_l2"":0.0,""cosine"":1.0,""actual_nan"":0.0,""reference_nan"":0.0,""actual_inf"":0.0,""reference_inf"":0.0},""dQ"":{""max_abs"":0.0,""mean_abs"":0.0,""rmse"":0.0,""relative_l2"":0.0,""cosine"":1.0,""actual_nan"":0.0,""reference_nan"":0.0,""actual_inf"":0.0,""reference_inf"":0.0},""dK"":{""max_abs"":0.0,""mean_abs"":0.0,""rmse"":0.0,""relative_l2"":0.0,""cosine"":0.9999999403953552,""actual_nan"":0.0,""reference_nan"":0.0,""actual_inf"":0.0,""reference_inf"":0.0},""dV"":{""max_abs"":0.0,""mean_abs"":0.0,""rmse"":0.0,""relative_l2"":0.0,""cosine"":1.0000001192092896,""actual_nan"":0.0,""reference_nan"":0.0,""actual_inf"":0.0,""reference_inf"":0.0}}]",ok
,,,,,,,,,,,True,uniform,flex,"[16.975744247436523, 16.975744247436523]",32.416409954049506,1,16.975744247436523,16.975744247436523,16.975744247436523,31656650345.751472,60321.3611771179,1,876.1845703125,2222.0,1,16,32768,0.0,0.0,0.0,0.0,0.9999919533729553,0.001953125,1.217611315951217e-05,0.0,0.0,0.0040335580706596375,2.8022648621117696e-05,0.9999921321868896,0.0,0.0,0.9999922513961792,0.015625,2.785599463095423e-05,0.0,0.0,0.003973533399403095,0.0003068673249799758,0.015625,1.2651262295548804e-05,0.0,0.0,0.003985954448580742,6.01251631451305e-05,0.0,0.0,0.9999934434890747,0.015625,4.698286284110509e-05,0.0,0.0,0.0036232960410416126,0.00015428803453687578,0.0,0.0,0.0,0.0,0.999996542930603,0.001953125,6.003315320413094e-06,0.0,0.0,0.002674437826499343,1.8366137737757526e-05,0.9999963045120239,0.0,0.0,0.9999962449073792,0.015625,1.6764057363616303e-05,0.0,0.0,0.0027347616851329803,0.0002444108249619603,0.015625,6.3293982748291455e-06,0.0,0.0,0.0027252649888396263,4.623089262167923e-05,bfloat16,"[21.260000228881836, 21.260000228881836]",38.8259180768322,1,21.260000228881836,21.260000228881836,21.260000228881836,25277290414.604298,48165.568625389285,1,"[4.591455936431885, 4.591455936431885]",59.92572861623103,1,4.591455936431885,4.591455936431885,4.591455936431885,117042438703.57622,223022.93960285102,1,128,8,,64,0.0,0.0,0.9999997615814209,0.001953125,1.2701570085482672e-05,0.0,0.0,0.0007175733335316181,3.4858134313253686e-05,148.25,1024.4345703125,0.0,2222.0,32,"[{""output"":{""max_abs"":0.0,""mean_abs"":0.0,""rmse"":0.0,""relative_l2"":0.0,""cosine"":0.9999999403953552,""actual_nan"":0.0,""reference_nan"":0.0,""actual_inf"":0.0,""reference_inf"":0.0},""dQ"":{""max_abs"":0.0,""mean_abs"":0.0,""rmse"":0.0,""relative_l2"":0.0,""cosine"":1.0,""actual_nan"":0.0,""reference_nan"":0.0,""actual_inf"":0.0,""reference_inf"":0.0},""dK"":{""max_abs"":0.0,""mean_abs"":0.0,""rmse"":0.0,""relative_l2"":0.0,""cosine"":0.9999999403953552,""actual_nan"":0.0,""reference_nan"":0.0,""actual_inf"":0.0,""reference_inf"":0.0},""dV"":{""max_abs"":0.0,""mean_abs"":0.0,""rmse"":0.0,""relative_l2"":0.0,""cosine"":1.0000001192092896,""actual_nan"":0.0,""reference_nan"":0.0,""actual_inf"":0.0,""reference_inf"":0.0}},{""output"":{""max_abs"":0.0,""mean_abs"":0.0,""rmse"":0.0,""relative_l2"":0.0,""cosine"":0.9999999403953552,""actual_nan"":0.0,""reference_nan"":0.0,""actual_inf"":0.0,""reference_inf"":0.0},""dQ"":{""max_abs"":0.0,""mean_abs"":0.0,""rmse"":0.0,""relative_l2"":0.0,""cosine"":1.0,""actual_nan"":0.0,""reference_nan"":0.0,""actual_inf"":0.0,""reference_inf"":0.0},""dK"":{""max_abs"":0.0,""mean_abs"":0.0,""rmse"":0.0,""relative_l2"":0.0,""cosine"":0.9999999403953552,""actual_nan"":0.0,""reference_nan"":0.0,""actual_inf"":0.0,""reference_inf"":0.0},""dV"":{""max_abs"":0.0,""mean_abs"":0.0,""rmse"":0.0,""relative_l2"":0.0,""cosine"":1.0000001192092896,""actual_nan"":0.0,""reference_nan"":0.0,""actual_inf"":0.0,""reference_inf"":0.0}}]",ok
,,,,,,,,,,,True,uniform,sdpa,"[51.82838439941406, 51.82838439941406]",10.617592872646465,1,51.82838439941406,51.82838439941406,51.82838439941406,10368743039.693813,19757.51341405071,1,1504.1845703125,3278.0,1,16,32768,0.0,0.0,0.0,0.0,1.0000001192092896,0.0,0.0,0.0,0.0,0.0,0.0,1.0000001192092896,0.0,0.0,1.000000238418579,0.0,0.0,0.0,0.0,0.0,0.0,0.0,0.0,0.0,0.0,0.0,0.0,0.0,0.0,1.0,0.000244140625,1.960161144509698e-09,0.0,0.0,8.5007595771458e-06,3.61981307150927e-07,0.0,0.0,0.0,0.0,1.0000001192092896,0.0,0.0,0.0,0.0,0.0,0.0,0.9999997615814209,0.0,0.0,0.9999999403953552,0.0,0.0,0.0,0.0,0.0,0.0,0.0,0.0,0.0,0.0,0.0,0.0,bfloat16,"[69.6335678100586, 69.6335678100586]",11.854038980906058,1,69.6335678100586,69.6335678100586,69.6335678100586,7717473294.860716,14705.551247829108,1,"[18.782047271728516, 18.782047271728516]",14.649432962196897,1,18.782047271728516,18.782047271728516,18.782047271728516,28612173754.290813,54520.14815985293,1,128,8,,64,0.0,0.0,1.0,0.0,0.0,0.0,0.0,0.0,0.0,1174.265625,2678.4501953125,0.0,3278.0,32,"[{""output"":{""max_abs"":0.0,""mean_abs"":0.0,""rmse"":0.0,""relative_l2"":0.0,""cosine"":1.0,""actual_nan"":0.0,""reference_nan"":0.0,""actual_inf"":0.0,""reference_inf"":0.0},""dQ"":{""max_abs"":0.0001220703125,""mean_abs"":1.7814338892918613e-09,""rmse"":3.141705917641957e-07,""relative_l2"":7.377973815891892e-06,""cosine"":1.0,""actual_nan"":0.0,""reference_nan"":0.0,""actual_inf"":0.0,""reference_inf"":0.0},""dK"":{""max_abs"":0.0,""mean_abs"":0.0,""rmse"":0.0,""relative_l2"":0.0,""cosine"":1.0000001192092896,""actual_nan"":0.0,""reference_nan"":0.0,""actual_inf"":0.0,""reference_inf"":0.0},""dV"":{""max_abs"":0.0,""mean_abs"":0.0,""rmse"":0.0,""relative_l2"":0.0,""cosine"":0.9999997615814209,""actual_nan"":0.0,""reference_nan"":0.0,""actual_inf"":0.0,""reference_inf"":0.0}},{""output"":{""max_abs"":0.0,""mean_abs"":0.0,""rmse"":0.0,""relative_l2"":0.0,""cosine"":1.0,""actual_nan"":0.0,""reference_nan"":0.0,""actual_inf"":0.0,""reference_inf"":0.0},""dQ"":{""max_abs"":0.000244140625,""mean_abs"":2.1600909949626157e-09,""rmse"":3.8637938359897817e-07,""relative_l2"":9.07372304936871e-06,""cosine"":1.0,""actual_nan"":0.0,""reference_nan"":0.0,""actual_inf"":0.0,""reference_inf"":0.0},""dK"":{""max_abs"":0.0,""mean_abs"":0.0,""rmse"":0.0,""relative_l2"":0.0,""cosine"":1.0000001192092896,""actual_nan"":0.0,""reference_nan"":0.0,""actual_inf"":0.0,""reference_inf"":0.0},""dV"":{""max_abs"":0.0,""mean_abs"":0.0,""rmse"":0.0,""relative_l2"":0.0,""cosine"":0.9999997615814209,""actual_nan"":0.0,""reference_nan"":0.0,""actual_inf"":0.0,""reference_inf"":0.0}}]",ok
True,0.655225698269664,"[0.655225698269664, 0.655225698269664]",4.659592367548948,"[4.659592367548948, 4.659592367548948]",True,0.7322122143558077,"[0.7322122143558077, 0.7322122143558077]",5.586702423211543,"[5.586702423211543, 5.586702423211543]",True,True,uniform,triton,"[11.122943878173828, 11.122943878173828]",49.473654711125576,1,11.122943878173828,11.122943878173828,11.122943878173828,48314115928.83357,92061.95870585665,1,876.18505859375,3278.0,1,16,32768,0.0,0.0,0.0,0.0,0.9999921321868896,0.00390625,1.19337919386453e-05,0.0,0.0,0.003995311446487904,2.7756936106015928e-05,0.9999921917915344,0.0,0.0,0.9999924302101135,0.015625,2.6768555471790023e-05,0.0,0.0,0.00391813088208437,0.0003025887126568705,0.015625,1.238333061337471e-05,0.0,0.0,0.003934130072593689,5.934343789704144e-05,0.0,0.0,0.9999939203262329,0.015625,4.4818945752922446e-05,0.0,0.0,0.003474195022135973,0.0001479389757150784,0.0,0.0,0.0,0.0,0.999996542930603,0.001953125,6.002671398164239e-06,0.0,0.0,0.002674312796443701,1.8365280993748456e-05,0.9999963045120239,0.0,0.0,0.9999962449073792,0.015625,1.6763939129305072e-05,0.0,0.0,0.0027347616851329803,0.0002444108249619603,0.015625,6.328770723484922e-06,0.0,0.0,0.002725244965404272,4.623055792762898e-05,bfloat16,"[14.387552261352539, 14.387552261352539]",57.371748314497694,1,14.387552261352539,14.387552261352539,14.387552261352539,37351398642.25111,71172.63460794798,1,"[3.361920118331909, 3.361920118331909]",81.84202262858045,1,3.361920118331909,3.361920118331909,3.361920118331909,159847700446.4462,304587.84383850265,1,128,8,True,64,0.0,0.0,0.9999998807907104,0.001953125,3.7746847283415264e-06,0.0,0.0,0.00047580833779647946,2.3113721908885054e-05,148.25048828125,1024.435546875,0.0,3278.0,32,"[{""output"":{""max_abs"":0.0,""mean_abs"":0.0,""rmse"":0.0,""relative_l2"":0.0,""cosine"":1.0000001192092896,""actual_nan"":0.0,""reference_nan"":0.0,""actual_inf"":0.0,""reference_inf"":0.0},""dQ"":{""max_abs"":0.0,""mean_abs"":0.0,""rmse"":0.0,""relative_l2"":0.0,""cosine"":1.0,""actual_nan"":0.0,""reference_nan"":0.0,""actual_inf"":0.0,""reference_inf"":0.0},""dK"":{""max_abs"":0.0,""mean_abs"":0.0,""rmse"":0.0,""relative_l2"":0.0,""cosine"":1.0,""actual_nan"":0.0,""reference_nan"":0.0,""actual_inf"":0.0,""reference_inf"":0.0},""dV"":{""max_abs"":0.0,""mean_abs"":0.0,""rmse"":0.0,""relative_l2"":0.0,""cosine"":1.0000001192092896,""actual_nan"":0.0,""reference_nan"":0.0,""actual_inf"":0.0,""reference_inf"":0.0}},{""output"":{""max_abs"":0.0,""mean_abs"":0.0,""rmse"":0.0,""relative_l2"":0.0,""cosine"":1.0000001192092896,""actual_nan"":0.0,""reference_nan"":0.0,""actual_inf"":0.0,""reference_inf"":0.0},""dQ"":{""max_abs"":0.0,""mean_abs"":0.0,""rmse"":0.0,""relative_l2"":0.0,""cosine"":1.0,""actual_nan"":0.0,""reference_nan"":0.0,""actual_inf"":0.0,""reference_inf"":0.0},""dK"":{""max_abs"":0.0,""mean_abs"":0.0,""rmse"":0.0,""relative_l2"":0.0,""cosine"":1.0,""actual_nan"":0.0,""reference_nan"":0.0,""actual_inf"":0.0,""reference_inf"":0.0},""dV"":{""max_abs"":0.0,""mean_abs"":0.0,""rmse"":0.0,""relative_l2"":0.0,""cosine"":1.0000001192092896,""actual_nan"":0.0,""reference_nan"":0.0,""actual_inf"":0.0,""reference_inf"":0.0}}]",ok
True,0.7717571747714288,"[0.7717571747714288, 0.7717571747714288]",3.9560172065565675,"[3.9560172065565675, 3.9560172065565675]",True,0.9164430794909658,"[0.9164430794909658, 0.9164430794909658]",4.463617919968161,"[4.463617919968161, 4.463617919968161]",True,True,uniform,tilelang,"[13.101152420043945, 13.101152420043945]",42.00338009640179,1,13.101152420043945,13.101152420043945,13.101152420043945,41018925875.39237,78161.0630247568,1,876.18505859375,3278.0,1,16,32768,0.0,0.0,0.0,0.0,0.9999921321868896,0.00390625,1.193735261040274e-05,0.0,0.0,0.003997545689344406,2.777245936158579e-05,0.9999920725822449,0.0,0.0,0.9999920725822449,0.015625,2.7851441700477153e-05,0.0,0.0,0.004019935615360737,0.00031045087962411344,0.015625,1.2419598533597309e-05,0.0,0.0,0.004015340935438871,6.056843267288059e-05,0.0,0.0,0.9999934434890747,0.015625,4.5520690036937594e-05,0.0,0.0,0.003588699270039797,0.00015281482774298638,0.0,0.0,0.0,0.0,0.999996542930603,0.001953125,6.0035235946998e-06,0.0,0.0,0.0026745989453047514,1.8367245502304286e-05,0.9999963641166687,0.0,0.0,0.9999962449073792,0.015625,1.6763795429142192e-05,0.0,0.0,0.0027347614523023367,0.00024441079585812986,0.015625,6.329592451947974e-06,0.0,0.0,0.00272528943605721,4.623131098924205e-05,bfloat16,"[17.273887634277344, 17.273887634277344]",47.7853650941925,1,17.273887634277344,17.273887634277344,17.273887634277344,31110263733.19824,59280.22815014909,1,"[4.207808017730713, 4.207808017730713]",65.38947148743432,1,4.207808017730713,4.207808017730713,4.207808017730713,127713811498.89516,243357.11032563864,1,128,8,True,64,0.0,0.0,0.9999998807907104,0.001953125,3.7750064620922785e-06,0.0,0.0,0.00047583162086084485,2.311485332029406e-05,428.25048828125,1304.435546875,0.0,3278.0,32,"[{""output"":{""max_abs"":0.0,""mean_abs"":0.0,""rmse"":0.0,""relative_l2"":0.0,""cosine"":1.0000001192092896,""actual_nan"":0.0,""reference_nan"":0.0,""actual_inf"":0.0,""reference_inf"":0.0},""dQ"":{""max_abs"":0.0,""mean_abs"":0.0,""rmse"":0.0,""relative_l2"":0.0,""cosine"":0.9999999403953552,""actual_nan"":0.0,""reference_nan"":0.0,""actual_inf"":0.0,""reference_inf"":0.0},""dK"":{""max_abs"":0.0,""mean_abs"":0.0,""rmse"":0.0,""relative_l2"":0.0,""cosine"":1.0,""actual_nan"":0.0,""reference_nan"":0.0,""actual_inf"":0.0,""reference_inf"":0.0},""dV"":{""max_abs"":0.0,""mean_abs"":0.0,""rmse"":0.0,""relative_l2"":0.0,""cosine"":1.000000238418579,""actual_nan"":0.0,""reference_nan"":0.0,""actual_inf"":0.0,""reference_inf"":0.0}},{""output"":{""max_abs"":0.0,""mean_abs"":0.0,""rmse"":0.0,""relative_l2"":0.0,""cosine"":1.0000001192092896,""actual_nan"":0.0,""reference_nan"":0.0,""actual_inf"":0.0,""reference_inf"":0.0},""dQ"":{""max_abs"":0.0,""mean_abs"":0.0,""rmse"":0.0,""relative_l2"":0.0,""cosine"":0.9999999403953552,""actual_nan"":0.0,""reference_nan"":0.0,""actual_inf"":0.0,""reference_inf"":0.0},""dK"":{""max_abs"":0.0,""mean_abs"":0.0,""rmse"":0.0,""relative_l2"":0.0,""cosine"":1.0,""actual_nan"":0.0,""reference_nan"":0.0,""actual_inf"":0.0,""reference_inf"":0.0},""dV"":{""max_abs"":0.0,""mean_abs"":0.0,""rmse"":0.0,""relative_l2"":0.0,""cosine"":1.000000238418579,""actual_nan"":0.0,""reference_nan"":0.0,""actual_inf"":0.0,""reference_inf"":0.0}}]",ok
,,,,,,,,,,,True,uniform,flex,"[33.897918701171875, 33.897918701171875]",32.45180060715558,1,33.897918701171875,33.897918701171875,33.897918701171875,31691211530.425373,30208.344324237216,1,1796.255859375,4504.0,1,16,65536,0.0,0.0,0.0,0.0,0.9999920129776001,0.001953125,6.093448064348195e-06,0.0,0.0,0.004018704406917095,1.4075691979087424e-05,0.9999921321868896,0.0,0.0,0.9999920725822449,0.015625,2.682982994883787e-05,0.0,0.0,0.00399377616122365,0.00031455548014491796,0.015625,6.41246924715233e-06,0.0,0.0,0.003996584098786116,4.1440438508288935e-05,0.0,0.0,0.9999933242797852,0.015625,3.661313894554041e-05,0.0,0.0,0.003646167227998376,0.00015230885765049607,0.0,0.0,0.0,0.0,0.9999966025352478,0.0009765625,3.0141040952003095e-06,0.0,0.0,0.0026632528752088547,9.328572559752502e-06,0.9999966025352478,0.0,0.0,0.9999964833259583,0.015625,1.5547426301054657e-05,0.0,0.0,0.002678396413102746,0.0002462099364493042,0.015625,3.2069247026811354e-06,0.0,0.0,0.0026771125849336386,3.1910636607790366e-05,bfloat16,"[42.75449752807617, 42.75449752807617]",38.59413262776447,1,42.75449752807617,42.75449752807617,42.75449752807617,25126388429.534164,23950.69663320347,1,"[9.125151634216309, 9.125151634216309]",60.2756284379528,1,9.125151634216309,9.125151634216309,9.125151634216309,117725836792.87656,112217.31331678234,1,128,8,,64,0.0,0.0,0.9999998211860657,0.001953125,8.669186172483023e-06,0.0,0.0,0.0004954669857397676,2.3643739041290246e-05,276.25,2072.505859375,0.0,4504.0,32,"[{""output"":{""max_abs"":0.0,""mean_abs"":0.0,""rmse"":0.0,""relative_l2"":0.0,""cosine"":1.0000001192092896,""actual_nan"":0.0,""reference_nan"":0.0,""actual_inf"":0.0,""reference_inf"":0.0},""dQ"":{""max_abs"":0.0,""mean_abs"":0.0,""rmse"":0.0,""relative_l2"":0.0,""cosine"":1.0,""actual_nan"":0.0,""reference_nan"":0.0,""actual_inf"":0.0,""reference_inf"":0.0},""dK"":{""max_abs"":0.0,""mean_abs"":0.0,""rmse"":0.0,""relative_l2"":0.0,""cosine"":0.9999999403953552,""actual_nan"":0.0,""reference_nan"":0.0,""actual_inf"":0.0,""reference_inf"":0.0},""dV"":{""max_abs"":0.0,""mean_abs"":0.0,""rmse"":0.0,""relative_l2"":0.0,""cosine"":1.000000238418579,""actual_nan"":0.0,""reference_nan"":0.0,""actual_inf"":0.0,""reference_inf"":0.0}},{""output"":{""max_abs"":0.0,""mean_abs"":0.0,""rmse"":0.0,""relative_l2"":0.0,""cosine"":1.0000001192092896,""actual_nan"":0.0,""reference_nan"":0.0,""actual_inf"":0.0,""reference_inf"":0.0},""dQ"":{""max_abs"":0.0,""mean_abs"":0.0,""rmse"":0.0,""relative_l2"":0.0,""cosine"":1.0,""actual_nan"":0.0,""reference_nan"":0.0,""actual_inf"":0.0,""reference_inf"":0.0},""dK"":{""max_abs"":0.0,""mean_abs"":0.0,""rmse"":0.0,""relative_l2"":0.0,""cosine"":0.9999999403953552,""actual_nan"":0.0,""reference_nan"":0.0,""actual_inf"":0.0,""reference_inf"":0.0},""dV"":{""max_abs"":0.0,""mean_abs"":0.0,""rmse"":0.0,""relative_l2"":0.0,""cosine"":1.000000238418579,""actual_nan"":0.0,""reference_nan"":0.0,""actual_inf"":0.0,""reference_inf"":0.0}}]",ok
,,,,,,,,,,,True,uniform,sdpa,"[100.77372741699219, 100.77372741699219]",10.91602471084654,1,100.77372741699219,100.77372741699219,100.77372741699219,10660180381.686073,10161.378627613769,1,3031.255859375,6584.0,1,16,65536,0.0,0.0,0.0,0.0,1.0000001192092896,0.0,0.0,0.0,0.0,0.0,0.0,1.0000001192092896,0.0,0.0,1.0,0.0,0.0,0.0,0.0,0.0,0.0,0.0,0.0,0.0,0.0,0.0,0.0,0.0,0.0,0.9999998807907104,0.000244140625,3.411710025602588e-09,0.0,0.0,9.710501217341516e-06,4.05630146360636e-07,0.0,0.0,0.0,0.0,1.000000238418579,0.0,0.0,0.0,0.0,0.0,0.0,1.0000001192092896,0.0,0.0,1.0,0.0,0.0,0.0,0.0,0.0,0.0,0.0,0.0,0.0,0.0,0.0,0.0,bfloat16,"[138.56991577148438, 138.56991577148438]",11.907871480221832,1,138.56991577148438,138.56991577148438,138.56991577148438,7752520494.936088,7389.771396618861,1,"[37.90745544433594, 37.90745544433594]",14.509658928483516,1,37.90745544433594,37.90745544433594,37.90745544433594,28339177594.694366,27013.155802653702,1,128,8,,64,0.0,0.0,0.9999998807907104,0.0,0.0,0.0,0.0,0.0,0.0,2262.265625,5293.521484375,0.0,6584.0,32,"[{""output"":{""max_abs"":0.0,""mean_abs"":0.0,""rmse"":0.0,""relative_l2"":0.0,""cosine"":0.9999998807907104,""actual_nan"":0.0,""reference_nan"":0.0,""actual_inf"":0.0,""reference_inf"":0.0},""dQ"":{""max_abs"":0.0001220703125,""mean_abs"":3.3929552500922e-09,""rmse"":3.9135335327955545e-07,""relative_l2"":9.368724931846373e-06,""cosine"":0.9999998807907104,""actual_nan"":0.0,""reference_nan"":0.0,""actual_inf"":0.0,""reference_inf"":0.0},""dK"":{""max_abs"":0.0,""mean_abs"":0.0,""rmse"":0.0,""relative_l2"":0.0,""cosine"":1.0000001192092896,""actual_nan"":0.0,""reference_nan"":0.0,""actual_inf"":0.0,""reference_inf"":0.0},""dV"":{""max_abs"":0.0,""mean_abs"":0.0,""rmse"":0.0,""relative_l2"":0.0,""cosine"":1.0000001192092896,""actual_nan"":0.0,""reference_nan"":0.0,""actual_inf"":0.0,""reference_inf"":0.0}},{""output"":{""max_abs"":0.0,""mean_abs"":0.0,""rmse"":0.0,""relative_l2"":0.0,""cosine"":0.9999998807907104,""actual_nan"":0.0,""reference_nan"":0.0,""actual_inf"":0.0,""reference_inf"":0.0},""dQ"":{""max_abs"":0.0001220703125,""mean_abs"":3.655384883671786e-09,""rmse"":4.289798880563467e-07,""relative_l2"":1.026947757054586e-05,""cosine"":0.9999998807907104,""actual_nan"":0.0,""reference_nan"":0.0,""actual_inf"":0.0,""reference_inf"":0.0},""dK"":{""max_abs"":0.0,""mean_abs"":0.0,""rmse"":0.0,""relative_l2"":0.0,""cosine"":1.0000001192092896,""actual_nan"":0.0,""reference_nan"":0.0,""actual_inf"":0.0,""reference_inf"":0.0},""dV"":{""max_abs"":0.0,""mean_abs"":0.0,""rmse"":0.0,""relative_l2"":0.0,""cosine"":1.0000001192092896,""actual_nan"":0.0,""reference_nan"":0.0,""actual_inf"":0.0,""reference_inf"":0.0}}]",ok
True,0.639366199211896,"[0.639366199211896, 0.639366199211896]",4.649696602742764,"[4.649696602742764, 4.649696602742764]",True,0.8019364753723579,"[0.8019364753723579, 0.8019364753723579]",5.180176720171515,"[5.180176720171515, 5.180176720171515]",True,True,uniform,triton,"[21.67318344116211, 21.67318344116211]",50.75620301347921,1,21.67318344116211,21.67318344116211,21.67318344116211,49566604505.35079,47247.327683998665,1,1796.25634765625,6584.0,1,16,65536,0.0,0.0,0.0,0.0,0.9999921321868896,0.001953125,5.972253347863443e-06,0.0,0.0,0.003989160060882568,1.3972211490909103e-05,0.999991774559021,0.0,0.0,0.9999915957450867,0.015625,2.711761771934107e-05,0.0,0.0,0.0041033304296433926,0.00032318412559106946,0.015625,6.297566415014444e-06,0.0,0.0,0.0040906621143221855,4.2415929783601314e-05,0.0,0.0,0.999993622303009,0.015625,3.507785004330799e-05,0.0,0.0,0.003555478760972619,0.00014852058666292578,0.0,0.0,0.0,0.0,0.999996542930603,0.0009765625,3.0139926820993423e-06,0.0,0.0,0.0026629925705492496,9.327661246061325e-06,0.9999964237213135,0.0,0.0,0.9999964833259583,0.015625,1.554704795125872e-05,0.0,0.0,0.002678396413102746,0.0002462099364493042,0.015625,3.2068087421066593e-06,0.0,0.0,0.002677090233191848,3.191037103533745e-05,bfloat16,"[28.574560165405273, 28.574560165405273]",57.746216861448474,1,28.574560165405273,28.574560165405273,28.574560165405273,37595193269.17218,35836.07215902973,1,"[7.317791938781738, 7.317791938781738]",75.16259739895908,1,7.317791938781738,7.317791938781738,7.317791938781738,146801948044.84195,139932.92082727278,1,128,8,True,64,0.0,0.0,1.0,0.001953125,2.1387577362474985e-06,0.0,0.0,0.00030550744850188494,1.4578849004465155e-05,276.25048828125,2072.5068359375,0.0,6584.0,32,"[{""output"":{""max_abs"":0.0,""mean_abs"":0.0,""rmse"":0.0,""relative_l2"":0.0,""cosine"":1.0,""actual_nan"":0.0,""reference_nan"":0.0,""actual_inf"":0.0,""reference_inf"":0.0},""dQ"":{""max_abs"":0.0,""mean_abs"":0.0,""rmse"":0.0,""relative_l2"":0.0,""cosine"":0.9999998807907104,""actual_nan"":0.0,""reference_nan"":0.0,""actual_inf"":0.0,""reference_inf"":0.0},""dK"":{""max_abs"":0.0,""mean_abs"":0.0,""rmse"":0.0,""relative_l2"":0.0,""cosine"":0.9999999403953552,""actual_nan"":0.0,""reference_nan"":0.0,""actual_inf"":0.0,""reference_inf"":0.0},""dV"":{""max_abs"":0.0,""mean_abs"":0.0,""rmse"":0.0,""relative_l2"":0.0,""cosine"":1.000000238418579,""actual_nan"":0.0,""reference_nan"":0.0,""actual_inf"":0.0,""reference_inf"":0.0}},{""output"":{""max_abs"":0.0,""mean_abs"":0.0,""rmse"":0.0,""relative_l2"":0.0,""cosine"":1.0,""actual_nan"":0.0,""reference_nan"":0.0,""actual_inf"":0.0,""reference_inf"":0.0},""dQ"":{""max_abs"":0.0,""mean_abs"":0.0,""rmse"":0.0,""relative_l2"":0.0,""cosine"":0.9999998807907104,""actual_nan"":0.0,""reference_nan"":0.0,""actual_inf"":0.0,""reference_inf"":0.0},""dK"":{""max_abs"":0.0,""mean_abs"":0.0,""rmse"":0.0,""relative_l2"":0.0,""cosine"":0.9999999403953552,""actual_nan"":0.0,""reference_nan"":0.0,""actual_inf"":0.0,""reference_inf"":0.0},""dV"":{""max_abs"":0.0,""mean_abs"":0.0,""rmse"":0.0,""relative_l2"":0.0,""cosine"":1.000000238418579,""actual_nan"":0.0,""reference_nan"":0.0,""actual_inf"":0.0,""reference_inf"":0.0}}]",ok
True,0.7522349984290134,"[0.7522349984290134, 0.7522349984290134]",3.952034737273191,"[3.952034737273191, 3.952034737273191]",True,0.8569019006805202,"[0.8569019006805202, 0.8569019006805202]",4.847897591872761,"[4.847897591872761, 4.847897591872761]",True,True,uniform,tilelang,"[25.49920082092285, 25.49920082092285]",43.14050885019806,1,25.49920082092285,25.49920082092285,25.49920082092285,42129403174.021545,40158.121314915,1,1796.25634765625,6584.0,1,16,65536,0.0,0.0,0.0,0.0,0.9999922513961792,0.001953125,5.97299549554009e-06,0.0,0.0,0.003989346791058779,1.397286632709438e-05,0.9999913573265076,0.0,0.0,0.9999909996986389,0.015625,2.8014974304824136e-05,0.0,0.0,0.004219412803649902,0.00033232694840990007,0.015625,6.3121033235802315e-06,0.0,0.0,0.004194194916635752,4.348945367382839e-05,0.0,0.0,0.9999931454658508,0.015625,3.565010047168471e-05,0.0,0.0,0.0036686223465949297,0.00015324685955420136,0.0,0.0,0.0,0.0,0.9999966621398926,0.0009765625,3.0140975013637217e-06,0.0,0.0,0.0026629965286701918,9.327674888481852e-06,0.9999963641166687,0.0,0.0,0.9999964833259583,0.015625,1.5543946574325673e-05,0.0,0.0,0.0026779063045978546,0.0002461648837197572,0.015625,3.2068642212834675e-06,0.0,0.0,0.0026766418013721704,3.190502684446983e-05,bfloat16,"[34.02345657348633, 34.02345657348633]",48.4980926164293,1,34.02345657348633,34.02345657348633,34.02345657348633,31574279047.154488,30096.883242544463,1,"[7.81935977935791, 7.81935977935791]",70.34134057829036,1,7.81935977935791,7.81935977935791,7.81935977935791,137385430816.97334,130957.0129645686,1,128,8,True,64,0.0,0.0,1.0,0.001953125,2.1392363578343065e-06,0.0,0.0,0.0003055478155147284,1.4580776223738212e-05,812.25048828125,2608.5068359375,0.0,6584.0,32,"[{""output"":{""max_abs"":0.0,""mean_abs"":0.0,""rmse"":0.0,""relative_l2"":0.0,""cosine"":1.0000001192092896,""actual_nan"":0.0,""reference_nan"":0.0,""actual_inf"":0.0,""reference_inf"":0.0},""dQ"":{""max_abs"":0.0,""mean_abs"":0.0,""rmse"":0.0,""relative_l2"":0.0,""cosine"":1.0,""actual_nan"":0.0,""reference_nan"":0.0,""actual_inf"":0.0,""reference_inf"":0.0},""dK"":{""max_abs"":0.0,""mean_abs"":0.0,""rmse"":0.0,""relative_l2"":0.0,""cosine"":1.0,""actual_nan"":0.0,""reference_nan"":0.0,""actual_inf"":0.0,""reference_inf"":0.0},""dV"":{""max_abs"":0.0,""mean_abs"":0.0,""rmse"":0.0,""relative_l2"":0.0,""cosine"":1.0000001192092896,""actual_nan"":0.0,""reference_nan"":0.0,""actual_inf"":0.0,""reference_inf"":0.0}},{""output"":{""max_abs"":0.0,""mean_abs"":0.0,""rmse"":0.0,""relative_l2"":0.0,""cosine"":1.0000001192092896,""actual_nan"":0.0,""reference_nan"":0.0,""actual_inf"":0.0,""reference_inf"":0.0},""dQ"":{""max_abs"":0.0,""mean_abs"":0.0,""rmse"":0.0,""relative_l2"":0.0,""cosine"":1.0,""actual_nan"":0.0,""reference_nan"":0.0,""actual_inf"":0.0,""reference_inf"":0.0},""dK"":{""max_abs"":0.0,""mean_abs"":0.0,""rmse"":0.0,""relative_l2"":0.0,""cosine"":1.0,""actual_nan"":0.0,""reference_nan"":0.0,""actual_inf"":0.0,""reference_inf"":0.0},""dV"":{""max_abs"":0.0,""mean_abs"":0.0,""rmse"":0.0,""relative_l2"":0.0,""cosine"":1.0000001192092896,""actual_nan"":0.0,""reference_nan"":0.0,""actual_inf"":0.0,""reference_inf"":0.0}}]",ok
