acceptance_backward_accepted,acceptance_backward_latency_vs_flex,acceptance_backward_latency_vs_flex_ci95,acceptance_backward_sdpa_speedup,acceptance_backward_sdpa_speedup_ci95,acceptance_forward_accepted,acceptance_forward_latency_vs_flex,acceptance_forward_latency_vs_flex_ci95,acceptance_forward_sdpa_speedup,acceptance_forward_sdpa_speedup_ci95,accepted,accuracy_valid,anchor_distribution,backend,backward_bootstrap_median_ci95_ms,backward_effective_tflops,backward_iterations_per_round,backward_p50_ms,backward_p90_ms,backward_p99_ms,backward_qk_pairs_per_second,backward_query_tokens_per_second,backward_rounds,baseline_allocated_mib,baseline_reserved_mib,batch_size,block_size,context_len,dK_actual_inf,dK_actual_nan,dK_cosine,dK_max_abs,dK_mean_abs,dK_reference_inf,dK_reference_nan,dK_relative_l2,dK_rmse,dQ_actual_inf,dQ_actual_nan,dQ_cosine,dQ_max_abs,dQ_mean_abs,dQ_reference_inf,dQ_reference_nan,dQ_relative_l2,dQ_rmse,dV_actual_inf,dV_actual_nan,dV_cosine,dV_max_abs,dV_mean_abs,dV_reference_inf,dV_reference_nan,dV_relative_l2,dV_rmse,dtype,forward_backward_bootstrap_median_ci95_ms,forward_backward_effective_tflops,forward_backward_iterations_per_round,forward_backward_p50_ms,forward_backward_p90_ms,forward_backward_p99_ms,forward_backward_qk_pairs_per_second,forward_backward_query_tokens_per_second,forward_backward_rounds,forward_bootstrap_median_ci95_ms,forward_effective_tflops,forward_iterations_per_round,forward_p50_ms,forward_p90_ms,forward_p99_ms,forward_qk_pairs_per_second,forward_query_tokens_per_second,forward_rounds,head_dim,kv_heads,memory_not_above_sdpa,num_anchors,output_actual_inf,output_actual_nan,output_cosine,output_max_abs,output_mean_abs,output_reference_inf,output_reference_nan,output_relative_l2,output_rmse,peak_allocated_delta_mib,peak_allocated_mib,peak_reserved_delta_mib,peak_reserved_mib,query_heads,status
,,,,,,,,,,,True,uniform,flex,"[0.6816943008287818, 0.6905743759290307]",13.321398415494373,452,0.6851236799121958,0.6895803941034637,0.690474977746474,13009178140.131224,1494620.6502908117,5,116.134765625,298.0,1,16,512,0.0,0.0,0.9999920129776001,0.015625,0.00034969107946380973,0.0,0.0,0.004044616129249334,0.0008292697020806372,0.0,0.0,0.9999932050704956,0.015625,0.0002522116410546005,0.0,0.0,0.0036765120457857847,0.0004605857247952372,0.0,0.0,0.9999963045120239,0.015625,0.0001828606764320284,0.0,0.0,0.0026781936176121235,0.0005869044689461589,bfloat16,"[0.7969041770126777, 0.8016033320463904]",17.130586309000865,387,0.799167524628553,0.8010025379269622,0.8015432526344476,11152725461.589104,1281333.348068601,5,"[0.11144878025161488, 0.12592536457424058]",40.566331098174516,895,0.11249237060546875,0.12155069532341131,0.12548789764915766,79231115426.1221,9102839.548037926,5,128,8,,64,0.0,0.0,0.9999989867210388,0.00390625,7.874770381022245e-05,0.0,0.0,0.0014633265091106296,0.0001961583038792014,22.25,138.384765625,0.0,298.0,32,ok
,,,,,,,,,,,True,uniform,sdpa,"[2.4693406699360283, 2.496152352595675]",3.6724362684780676,138,2.485218213952106,2.491836901678555,2.4957208075039627,3586363543.4356127,412036.25269251066,5,143.634765625,378.0,1,16,512,0.0,0.0,1.000000238418579,0.0,0.0,0.0,0.0,0.0,0.0,0.0,0.0,0.9999998807907104,0.0,0.0,0.0,0.0,0.0,0.0,0.0,0.0,0.9999998807907104,0.0,0.0,0.0,0.0,0.0,0.0,bfloat16,"[3.3473888836075774, 3.3567664222379703]",4.083586604866393,113,3.3524961218369747,3.3562272603532906,3.356712506049502,2658585029.2098913,305444.05206915113,5,"[0.8574729866081184, 0.8622241253619427]",5.3139210841775775,286,0.8587637414465418,0.8613237287614728,0.8621340857018958,10378752117.53433,1192411.778209367,5,128,8,,64,0.0,0.0,1.0,0.0,0.0,0.0,0.0,0.0,0.0,103.265625,246.900390625,0.0,378.0,32,ok
True,0.6090406076846661,"[0.6042334568112623, 0.6147058632600564]",5.955926086133814,"[5.908445638031855, 5.982130192160009]",False,1.112841559522577,"[0.9458301063010087, 1.183245979412707]",6.859892251634184,"[6.483507953120657, 8.07118862109463]",False,True,uniform,triton,"[0.4165159465691389, 0.42012753291267546]",21.872758971092445,659,0.4172681423528784,0.41974161289892353,0.4200889409113003,21360116182.707466,2454057.4658441483,5,115.13525390625,378.0,1,16,512,0.0,0.0,0.9999921321868896,0.015625,0.0003402417933102697,0.0,0.0,0.0039898972027003765,0.0008180507575161755,0.0,0.0,0.9999936819076538,0.015625,0.00023703629267401993,0.0,0.0,0.0035527278669178486,0.0004450783017091453,0.0,0.0,0.9999964237213135,0.015625,0.00018281643860973418,0.0,0.0,0.002678139368072152,0.0005868925945833325,bfloat16,"[0.5418802284332643, 0.5557483841616466]",24.761435772478087,498,0.5528842665584212,0.5554426446018449,0.5557178102056665,16120726414.373755,1852105.5163572787,5,"[0.10639867084782298, 0.1324535648997237]",36.45292607114529,1640,0.12518618513898153,0.13222066739710367,0.1324302751494617,71197121232.70564,8179816.318095776,5,128,8,True,64,0.0,0.0,0.9999995231628418,0.00390625,3.6594159610103816e-05,0.0,0.0,0.001000553136691451,0.00013412372209131718,22.25048828125,137.3857421875,0.0,378.0,32,ok
True,0.5116100588078294,"[0.5018822017264558, 0.5472299883709786]",7.090167170044665,"[6.628658735648095, 7.22759410544102]",False,1.1536166427655035,"[0.8223525152059412, 1.4264180235600863]",6.617426368923484,"[5.3518485222251915, 9.283090949814454]",False,True,uniform,tilelang,"[0.34385138092926437, 0.374920223391033]",26.038187064844532,517,0.350516166170515,0.3699730347388026,0.37442550452580997,25427917055.512238,2921405.911708667,5,115.13525390625,378.0,1,16,512,0.0,0.0,0.9999920725822449,0.015625,0.0003423308953642845,0.0,0.0,0.004011173266917467,0.0008224128978326917,0.0,0.0,0.9999935626983643,0.015625,0.00023955482174642384,0.0,0.0,0.003579481737688184,0.00044842998613603413,0.0,0.0,0.9999964833259583,0.015625,0.000182863645022735,0.0,0.0,0.0026788576506078243,0.0005870499880984426,bfloat16,"[0.4633446178217044, 0.48097316698096265]",28.63176533932943,522,0.47814754325311304,0.4798836075939895,0.4808642110422653,18640472226.12593,2141598.371567777,5,"[0.09250838390888612, 0.16046114494464148]",35.164481504815164,815,0.12977307091461368,0.15897237391559624,0.16031226784173694,68680627939.09212,7890697.143737606,5,128,8,True,64,0.0,0.0,0.9999995231628418,0.00390625,3.6594261473510414e-05,0.0,0.0,0.0010006055235862732,0.00013413075066637248,50.25048828125,165.3857421875,0.0,378.0,32,ok
,,,,,,,,,,,True,uniform,flex,"[1.25576845149404, 1.2768363821547466]",27.59243617560359,291,1.2647164990402169,1.2725224340904209,1.2764049873483139,26945738452.73788,809667.6217769795,5,152.13671875,380.0,1,16,2048,0.0,0.0,0.999991774559021,0.015625,0.00014827074483036995,0.0,0.0,0.004038400948047638,0.00037373637314885855,0.0,0.0,0.9999933242797852,0.015625,0.00014745601220056415,0.0,0.0,0.003651881590485573,0.00029299978632479906,0.0,0.0,0.9999963045120239,0.015625,7.552775059593841e-05,0.0,0.0,0.002686543855816126,0.00026383419753983617,bfloat16,"[1.5654013406282687, 1.5887859775431485]",33.32537600008616,239,1.5707223804425994,1.5822222210872123,1.5881296018975548,21696208333.389423,651929.336940788,5,"[0.3039209489991679, 0.3089251095021265]",57.066111498644815,845,0.3057559763891457,0.3083098751271265,0.3088635860646265,111457249020.79065,3349075.9922112576,5,128,8,,64,0.0,0.0,0.999998927116394,0.00390625,4.850735786021687e-05,0.0,0.0,0.0014520776458084583,0.0001237448595929891,28.25,180.38671875,0.0,380.0,32,ok
,,,,,,,,,,,True,uniform,sdpa,"[4.809032287597656, 4.824350891113281]",7.241749528140171,100,4.818809204101562,4.824215393066407,4.824337341308594,7072021023.574386,212500.63171798032,5,209.13671875,514.0,1,16,2048,0.0,0.0,0.9999999403953552,0.0,0.0,0.0,0.0,0.0,0.0,0.0,0.0,1.0,0.000244140625,3.3776470509394585e-10,0.0,0.0,2.759598601187463e-06,2.2140964972550137e-07,0.0,0.0,0.9999998807907104,0.0,0.0,0.0,0.0,0.0,0.0,bfloat16,"[6.532460327148438, 6.643658447265625]",7.996063496295003,100,6.54633544921875,6.60865185546875,6.640157788085938,5205770505.400393,156423.39259015603,5,"[1.729327472536845, 1.7508183774989765]",10.035595219697328,229,1.7386417305625683,1.7466087641153794,1.7503974161606166,19600771913.471344,588965.5022076726,5,128,8,,64,0.0,0.0,0.9999999403953552,0.0,0.0,0.0,0.0,0.0,0.0,154.265625,363.40234375,0.0,514.0,32,ok
True,0.7235262935705709,"[0.7166584957611398, 0.7286818201870232]",5.2661379137593505,"[5.255453408832893, 5.286980785742313]",True,1.0640426239947045,"[1.0531270570511202, 1.0755372168323172]",5.344118986687505,"[5.290432301109047, 5.381546737870029]",True,True,uniform,triton,"[0.9114482157939189, 0.9168279699377111]",38.13605175208784,370,0.9150556409681165,0.9164409410631336,0.9167892670502533,37242238039.14828,1119057.633387869,5,152.13720703125,514.0,1,16,2048,0.0,0.0,0.9999918937683105,0.015625,0.0001452947617508471,0.0,0.0,0.004005641210824251,0.0003707045689225197,0.0,0.0,0.9999936819076538,0.015625,0.000141039869049564,0.0,0.0,0.003553518559783697,0.0002851078752428293,0.0,0.0,0.9999963641166687,0.015625,7.554326293757185e-05,0.0,0.0,0.002686837688088417,0.0002638630394358188,bfloat16,"[1.2337786305948082, 1.2553834953156124]",42.23055250000005,251,1.239503412132719,1.2520271453249503,1.2550478603165462,27493849283.854202,826137.2981927345,5,"[0.3251107459556886, 0.32841691587376376]",53.631414956294854,771,0.3253373914191695,0.32780146617369893,0.32835537090375727,104748857336.51338,3147501.7228519646,5,128,8,True,64,0.0,0.0,0.999999463558197,0.00390625,2.238455999759026e-05,0.0,0.0,0.001019527786411345,8.688331581652164e-05,28.25048828125,180.3876953125,0.0,514.0,32,ok
True,0.6769881987875689,"[0.6705621461202922, 0.6839299420796947]",5.6281472158562025,"[5.5840380640821845, 5.648904604342229]",True,0.8870312908062955,"[0.8779316088786115, 0.8923870476889887]",6.410563469938118,"[6.376220775178365, 6.455460107735726]",True,True,uniform,tilelang,"[0.8530519705355647, 0.8627905960696632]",40.75763244473007,373,0.8561981446621565,0.8626869508472269,0.8627802315474196,39802375434.30671,1195984.8387712352,5,152.13720703125,514.0,1,16,2048,0.0,0.0,0.9999918341636658,0.015625,0.00014592305524274707,0.0,0.0,0.004033386707305908,0.00037327228346839547,0.0,0.0,0.9999935626983643,0.015625,0.00014228039071895182,0.0,0.0,0.0035906571429222822,0.00028808758361265063,0.0,0.0,0.9999963641166687,0.015625,7.553950126748532e-05,0.0,0.0,0.0026866996195167303,0.00026384947705082595,bfloat16,"[1.121311092376709, 1.1324748992919922]",46.46171424204099,320,1.1266246795654298,1.1311635208129882,1.1323437614440919,30248511876.32877,908909.6116685327,5,"[0.27017266845703125, 0.271511962890625]",64.3338201144773,1000,0.2712151184082031,0.27148826904296874,0.2715095935058594,125651992411.08849,3775600.733506264,5,128,8,True,64,0.0,0.0,0.999999463558197,0.00390625,2.238746492366772e-05,0.0,0.0,0.0010196485091000795,8.68936040205881e-05,68.25048828125,220.3876953125,0.0,514.0,32,ok
,,,,,,,,,,,True,uniform,flex,"[4.394610900878906, 4.432850952148438]",31.284948000511722,100,4.410294189453125,4.426191162109375,4.4321849731445315,30551707031.74973,232184.0575734871,5,244.1376953125,636.0,1,16,8192,0.0,0.0,0.9999917149543762,0.03125,4.70363229396753e-05,0.0,0.0,0.004068528767675161,0.0001451162970624864,0.0,0.0,0.9999932050704956,0.015625,8.32848236314021e-05,0.0,0.0,0.003683221759274602,0.00019738847913686186,0.0,0.0,0.999996542930603,0.015625,2.359219615755137e-05,0.0,0.0,0.0026308479718863964,0.000105369916127529,bfloat16,"[5.517802734375, 5.644832153320312]",37.184486555223586,100,5.565862426757812,5.632241333007812,5.643573071289062,24208650101.057022,183978.67598687546,5,"[1.1263805613798255, 1.1373466940487131]",60.80091030824556,340,1.134652620203355,1.1366429946001837,1.1372763241038601,118751777945.79211,902478.8571999036,5,128,8,,64,0.0,0.0,0.9999993443489075,0.001953125,2.657079130585771e-05,0.0,0.0,0.0011813086457550526,7.055693276925012e-05,52.25,296.3876953125,0.0,636.0,32,ok
,,,,,,,,,,,True,uniform,sdpa,"[14.155491943359374, 14.202540283203126]",9.727628937607497,100,14.1839111328125,14.196159912109376,14.20190224609375,9499637634.38232,72194.47375351349,5,415.1376953125,848.0,1,16,8192,0.0,0.0,1.0,0.0,0.0,0.0,0.0,0.0,0.0,0.0,0.0,0.9999999403953552,0.0001220703125,7.862711037809333e-10,0.0,0.0,4.279359473002842e-06,2.293362371119656e-07,0.0,0.0,1.0,0.0,0.0,0.0,0.0,0.0,0.0,bfloat16,"[19.33240966796875, 19.4112744140625]",10.68961309722299,100,19.361199951171876,19.40542431640625,19.410689404296875,6959383526.837884,52889.28385546787,5,"[5.178662109375, 5.240932006835937]",13.301948461284681,100,5.18630126953125,5.236650512695313,5.240503857421874,25980368088.446644,197443.21565271344,5,128,8,,64,0.0,0.0,1.0,0.0,0.0,0.0,0.0,0.0,0.0,359.265625,774.4033203125,0.0,848.0,32,ok
True,0.6774583399816883,"[0.6679025269254458, 0.6816336227894981]",4.747290933231701,"[4.7161140101919665, 4.808770340855387]",True,1.0656738800630001,"[1.0610088708432779, 1.0735001133316044]",4.289142739706765,"[4.282629505442261, 4.337025598824308]",True,True,uniform,triton,"[2.949592125934103, 3.004267949643342]",46.1798846573464,115,2.987790580417799,3.0031671938688858,3.0041578740658963,45097543610.68984,342728.1706794887,5,244.13818359375,848.0,1,16,8192,0.0,0.0,0.9999920129776001,0.015625,4.600368265528232e-05,0.0,0.0,0.004001435358077288,0.00014272322005126625,0.0,0.0,0.9999936819076538,0.01220703125,7.973278115969151e-05,0.0,0.0,0.003545293817296624,0.00018999674648512155,0.0,0.0,0.9999964833259583,0.015625,2.3591879653395154e-05,0.0,0.0,0.002630785573273897,0.00010536741319810972,bfloat16,"[4.172335510253906, 4.241111450195312]",49.05179038941316,100,4.219290161132813,4.233544067382812,4.240354711914062,31934759368.10753,242694.85171531135,5,"[1.2038764953613281, 1.210683114188058]",57.05395566667276,280,1.209169660295759,1.2102882167271205,1.2106436244419643,111433507161.47025,846862.1349211929,5,128,8,True,64,0.0,0.0,0.9999997019767761,0.001953125,1.0494361049495637e-05,0.0,0.0,0.0008497806848026812,5.0755508709698915e-05,52.25048828125,296.388671875,0.0,848.0,32,ok
True,0.7820974973704713,"[0.775588815394421, 0.792523342779368]",4.112136716777959,"[4.058040516205466, 4.146645453366606]",True,0.9312785041440184,"[0.8984586633923201, 0.947588624364238]",4.908120787957643,"[4.828873358582619, 5.087409773877892]",True,True,uniform,tilelang,"[3.420574845938847, 3.4952610936658135]",40.001340121527555,116,3.44928004823882,3.4877105186725483,3.494506036166487,39063808712.42925,296873.5462702855,5,244.13818359375,848.0,1,16,8192,0.0,0.0,0.999991774559021,0.015625,4.616009755409323e-05,0.0,0.0,0.004068238660693169,0.00014510595065075904,0.0,0.0,0.9999934434890747,0.015625,8.060413529165089e-05,0.0,0.0,0.0036165022756904364,0.00019381289894226938,0.0,0.0,0.9999966025352478,0.015625,2.359459722356405e-05,0.0,0.0,0.0026308458764106035,0.00010536982881603763,bfloat16,"[4.468838500976562, 4.5500790405273435]",45.589726274415376,100,4.539701232910156,4.547207580566406,4.54979189453125,29680811376.57251,225565.5047465688,5,"[1.0194384765625, 1.0740189034598215]",65.28756976317254,350,1.0566775948660714,1.0713495047433037,1.0737519635881698,127514784693.69637,969075.1511862868,5,128,8,True,64,0.0,0.0,0.9999997019767761,0.001953125,1.0496492905076593e-05,0.0,0.0,0.0008499757386744022,5.076715751783922e-05,140.25048828125,384.388671875,0.0,848.0,32,ok
,,,,,,,,,,,True,uniform,flex,"[8.642904663085938, 8.6827783203125]",31.847339560989216,100,8.647968139648437,8.674911376953126,8.681991625976563,31100917540.02853,118409.31690130258,5,615.169921875,1332.0,1,16,16384,0.0,0.0,0.9999918341636658,0.015625,2.4686540200491436e-05,0.0,0.0,0.0040503814816474915,9.269154543289915e-05,0.0,0.0,0.9999933242797852,0.015625,6.228008714970201e-05,0.0,0.0,0.003684387542307377,0.00017356799799017608,0.0,0.0,0.9999963641166687,0.015625,1.2386062735458836e-05,0.0,0.0,0.0026830744463950396,6.893188401591033e-05,bfloat16,"[10.8843994140625, 10.952149658203124]",37.858467950421485,100,10.912279052734375,10.944361572265624,10.951370849609374,24647440071.888985,93839.2424764292,5,"[2.238502552967198, 2.2615307940552567]",60.918530540081015,151,2.260517246675807,2.2615016911992964,2.2615278837696606,118981504961.09573,452993.6683764914,5,128,8,,64,0.0,0.0,0.9999995827674866,0.001953125,1.8381797417532653e-05,0.0,0.0,0.000945699808653444,4.983210237696767e-05,84.25,699.419921875,0.0,1332.0,32,ok
,,,,,,,,,,,True,uniform,sdpa,"[26.9488232421875, 27.00861572265625]",10.205501876210846,100,26.98689208984375,27.00322607421875,27.0080767578125,9966310425.987154,37944.34707749739,5,939.169921875,1740.0,1,16,16384,0.0,0.0,1.0000001192092896,0.0,0.0,0.0,0.0,0.0,0.0,0.0,0.0,1.0000001192092896,0.000244140625,1.3846446211829289e-09,0.0,0.0,7.484146863134811e-06,3.5257104968877684e-07,0.0,0.0,0.9999999403953552,0.0,0.0,0.0,0.0,0.0,0.0,bfloat16,"[37.026357421875, 37.07033203125]",11.155691548361641,100,37.032412109375,37.0679580078125,37.07009462890625,7262820018.46461,27651.452921176788,5,"[9.983143920898437, 10.044402465820312]",13.736691449984301,100,10.024785766601562,10.043805541992187,10.044342773437501,26829475488.250587,102146.82127288387,5,128,8,,64,0.0,0.0,1.0000001192092896,0.0,0.0,0.0,0.0,0.0,0.0,630.265625,1569.435546875,0.0,1740.0,32,ok
True,0.6609036412389986,"[0.6580305927140189, 0.6628709171561156]",4.721724536512978,"[4.707494570440325, 4.734050760986525]",True,1.0793381303284326,"[1.0716851440879973, 1.0899529488443673]",4.108750364700723,"[4.091683072421066, 4.138091267838087]",True,True,uniform,triton,"[5.700592041015625, 5.732486572265625]",48.18756861633398,100,5.7154736328125,5.729741455078125,5.732212060546875,47058172476.88865,179162.7546177839,5,615.17041015625,1740.0,1,16,16384,0.0,0.0,0.9999921321868896,0.015625,2.4125636628014036e-05,0.0,0.0,0.003999258857220411,9.152162238024175e-05,0.0,0.0,0.9999938607215881,0.015625,5.956748282187618e-05,0.0,0.0,0.003515183925628662,0.0001655969681451097,0.0,0.0,0.9999963641166687,0.015625,1.238409004145069e-05,0.0,0.0,0.0026829505804926157,6.892870442243293e-05,bfloat16,"[8.109915161132813, 8.168690185546875]",50.66366409425202,100,8.154210205078124,8.165639404296876,8.168385107421875,32984156311.36199,125579.29882188867,5,"[2.422562751217165, 2.4469347967617754]",56.4406360049043,138,2.4398624586022417,2.444709224977355,2.4467122395833334,110235617197.0787,419695.78915798117,5,128,8,True,64,0.0,0.0,0.9999998807907104,0.001953125,6.336270871543093e-06,0.0,0.0,0.0006537539302371442,3.444849426159635e-05,84.25048828125,699.4208984375,0.0,1740.0,32,ok
True,0.7623592235661503,"[0.7593028444528922, 0.7639363473246311]",4.093352375946132,"[4.08471367325737, 4.096647400941644]",True,0.92375559272121,"[0.9168140361192336, 0.9328403250162061]",4.800762205464393,"[4.780820372923355, 4.837110648299015]",True,True,uniform,tilelang,"[6.5896435546875, 6.606497192382813]",41.77471535271037,100,6.5928582763671875,6.604267211914063,6.6062741943359375,40795620461.631226,155319.58326339858,5,328.12646484375,1740.0,1,16,16384,0.0,0.0,0.9999918937683105,0.015625,2.4173205019906163e-05,0.0,0.0,0.004011936951428652,9.181176574202254e-05,0.0,0.0,0.9999938011169434,0.015625,6.005797331454232e-05,0.0,0.0,0.00352945807389915,0.00016626941214781255,0.0,0.0,0.9999963641166687,0.015625,1.2385361515043769e-05,0.0,0.0,0.002683020196855068,6.893050158396363e-05,bfloat16,"[8.686001586914063, 8.702821655273437]",47.51618820902324,100,8.694345703125,8.702639282226562,8.702803417968749,30935018365.249504,117777.69540863147,5,"[2.072473940641984, 2.0958956842837124]",65.9465891412105,184,2.088165449059528,2.0951627316682235,2.095822389022164,128801931916.42676,490382.59897518717,5,128,8,True,64,0.0,0.0,0.9999998211860657,0.001953125,6.336722435662523e-06,0.0,0.0,0.0006539914757013321,3.446100890869275e-05,236.25048828125,564.376953125,0.0,1740.0,32,ok
,,,,,,,,,,,True,uniform,flex,"[15.452349853515624, 15.46111572265625]",35.59967898582243,100,15.457799072265624,15.46007470703125,15.461011621093752,34765311509.59222,66244.87711431444,5,724.1630859375,2070.0,1,16,32768,0.0,0.0,0.9999921321868896,0.015625,1.2651262295548804e-05,0.0,0.0,0.003985954448580742,6.01251631451305e-05,0.0,0.0,0.9999934434890747,0.015625,4.6982717321952805e-05,0.0,0.0,0.0036232939455658197,0.00015428794722538441,0.0,0.0,0.9999963045120239,0.015625,6.3293982748291455e-06,0.0,0.0,0.0027252649888396263,4.623089262167923e-05,bfloat16,"[19.5557177734375, 19.615789794921874]",42.19676201040404,100,19.56166748046875,19.596126708984375,19.613823486328123,27471850267.190136,52347.27566156657,5,"[4.062067260742188, 4.0925244140625]",67.31589416558599,100,4.087390441894531,4.091654541015624,4.0924374267578125,131476355792.16013,250526.59259176854,5,128,8,,64,0.0,0.0,0.9999997615814209,0.001953125,1.2701570085482672e-05,0.0,0.0,0.0007175733335316181,3.4858134313253686e-05,148.25,872.4130859375,0.0,2070.0,32,ok
,,,,,,,,,,,True,uniform,sdpa,"[48.2598779296875, 48.3675390625]",11.385769240650633,100,48.33162109375,48.36558203125,48.367343359375,11118915274.072884,21186.957458218145,5,1352.1630859375,2862.0,1,16,32768,0.0,0.0,1.0000001192092896,0.0,0.0,0.0,0.0,0.0,0.0,0.0,0.0,1.0,0.000244140625,2.1951092055161325e-09,0.0,0.0,9.013279850478284e-06,3.8380557043637964e-07,0.0,0.0,0.9999997615814209,0.0,0.0,0.0,0.0,0.0,0.0,bfloat16,"[66.096181640625, 66.6903369140625]",12.480506831433557,100,66.13826171875,66.4907763671875,66.67038085937499,8125329968.381222,15482.71716536056,5,"[17.84234375, 17.857602539062505]",15.417843522356602,100,17.845968017578127,17.85466650390625,17.857308935546875,30112975629.602737,57379.9078307979,5,128,8,,64,0.0,0.0,1.0,0.0,0.0,0.0,0.0,0.0,0.0,1174.265625,2526.4287109375,0.0,2862.0,32,ok
True,0.6608338731594156,"[0.6605262526163542, 0.6618998898288869]",4.731418985431501,"[4.7232614790093725, 4.736222212965049]",True,1.0889211614446674,"[1.0857628794431922, 1.095876962469038]",4.009567670734995,"[3.994139418509887, 4.0192884373823246]",True,True,uniform,triton,"[10.210753784179687, 10.231515502929687]",53.87084474895641,100,10.215037231445313,10.226264770507811,10.2309904296875,52608246825.15274,100244.37276134288,5,724.16357421875,2862.0,1,16,32768,0.0,0.0,0.9999921917915344,0.015625,1.238333061337471e-05,0.0,0.0,0.003934130072593689,5.934343789704144e-05,0.0,0.0,0.9999939203262329,0.015625,4.4818894821219146e-05,0.0,0.0,0.00347419292666018,0.00014793888840358704,0.0,0.0,0.9999963045120239,0.015625,6.328770723484922e-06,0.0,0.0,0.002725244965404272,4.623055792762898e-05,bfloat16,"[14.7178857421875, 15.001632080078124]",56.046785835542636,100,14.72767822265625,14.895164306640625,14.990985302734375,36488792861.681404,69528.9498126551,5,"[4.44114990234375, 4.468038330078125]",61.81888693969199,100,4.450845947265625,4.462014404296875,4.4674359374999995,120740013554.08592,230068.62338812102,5,128,8,True,64,0.0,0.0,0.9999998807907104,0.001953125,3.7746847283415264e-06,0.0,0.0,0.00047580833779647946,2.3113721908885054e-05,148.25048828125,872.4140625,0.0,2862.0,32,ok
True,0.7671163826601045,"[0.7662085429955188, 0.7848220200711853]",4.075889922778599,"[3.983937572749417, 4.081616911128151]",True,0.9345217292404737,"[0.9325633784766147, 0.9404233807561415]",4.672018796669674,"[4.650729884021301, 4.681419348691062]",True,True,uniform,tilelang,"[11.843897705078126, 12.13162109375]",46.407142111050455,100,11.857930908203125,12.028947753906252,12.121353759765626,45319474717.82271,86355.70639829022,5,724.16357421875,2862.0,1,16,32768,0.0,0.0,0.9999920725822449,0.015625,1.2419598533597309e-05,0.0,0.0,0.004015340935438871,6.056843267288059e-05,0.0,0.0,0.9999934434890747,0.015625,4.552063546725549e-05,0.0,0.0,0.003588697174564004,0.000152814740431495,0.0,0.0,0.9999963641166687,0.015625,6.329592451947974e-06,0.0,0.0,0.00272528943605721,4.623131098924205e-05,bfloat16,"[16.002415771484376, 16.246583251953126]",51.38357693423628,100,16.0642578125,16.206043212890627,16.242529248046875,33452849566.56008,63743.99688750015,5,"[3.8120849016800666, 3.8372402746700547]",72.03245474056183,103,3.819755183840261,3.8303693752844357,3.8365531847314926,140688388165.15982,268080.00793666125,5,128,8,True,64,0.0,0.0,0.9999998807907104,0.001953125,3.7750064620922785e-06,0.0,0.0,0.00047583162086084485,2.311485332029406e-05,428.25048828125,1152.4140625,0.0,2862.0,32,ok
,,,,,,,,,,,True,uniform,flex,"[31.467724609375, 33.64949951171875]",32.90392967318604,100,33.43213134765625,33.58702978515625,33.6432525390625,32132743821.470745,30629.216825919986,5,2410.2607421875,5128.0,1,16,65536,0.0,0.0,0.9999921321868896,0.015625,6.41246924715233e-06,0.0,0.0,0.003996584098786116,4.1440438508288935e-05,0.0,0.0,0.9999933242797852,0.015625,3.661328082671389e-05,0.0,0.0,0.0036461693234741688,0.00015230894496198744,0.0,0.0,0.9999966025352478,0.015625,3.2069247026811354e-06,0.0,0.0,0.0026771125849336386,3.1910636607790366e-05,bfloat16,"[42.3080322265625, 43.01671875]",38.83117912412314,100,42.4935009765625,42.85886328125,43.000933203125,25280715575.601,24097.802639626992,5,"[8.156127319335937, 8.177671508789063]",67.30981309377849,100,8.171531372070312,8.176033081054687,8.177507666015625,131464478698.7861,125313.10881335607,5,128,8,,64,0.0,0.0,0.9999998211860657,0.001953125,8.669186172483023e-06,0.0,0.0,0.0004954669857397676,2.3643739041290246e-05,276.25,2686.5107421875,0.0,5128.0,32,ok
,,,,,,,,,,,True,uniform,sdpa,"[95.266376953125, 98.03826171875]",11.27464606295099,100,97.56833984375,97.95874609375,98.03031015625,11010396545.850576,10495.207786049003,5,3645.2607421875,6688.0,1,16,65536,0.0,0.0,1.0000001192092896,0.0,0.0,0.0,0.0,0.0,0.0,0.0,0.0,0.9999998807907104,0.0001220703125,3.3334472959722916e-09,0.0,0.0,9.793167919269763e-06,4.090832987913018e-07,0.0,0.0,1.0000001192092896,0.0,0.0,0.0,0.0,0.0,0.0,bfloat16,"[138.6177734375, 139.4823046875]",11.835766465075016,100,139.4141015625,139.4731328125,139.48138749999998,7705577125.699881,7345.024560093987,5,"[38.0839892578125, 38.184072265625]",14.438634856197936,100,38.09392333984375,38.150851562499994,38.1807501953125,28200458703.511593,26880.92772342415,5,128,8,,64,0.0,0.0,0.9999998807907104,0.0,0.0,0.0,0.0,0.0,0.0,2262.265625,5907.5263671875,0.0,6688.0,32,ok
True,0.666097747440612,"[0.659812625912375, 0.7079783198000184]",4.381339288552976,"[4.277968866655484, 4.418359456317995]",False,1.1751464363829234,"[1.171787643375475, 1.2009669383653725]",3.966982304039899,"[3.8816931331446383, 3.9780992913948072]",False,True,uniform,triton,"[22.09931884765625, 22.36891845703125]",49.398049760136296,100,22.2690673828125,22.33273779296875,22.365300390625,48240282968.8831,45983.066214543585,5,2410.26123046875,6688.0,1,16,65536,0.0,0.0,0.999991774559021,0.015625,6.297566415014444e-06,0.0,0.0,0.0040906621143221855,4.2415929783601314e-05,0.0,0.0,0.999993622303009,0.015625,3.5077679058304057e-05,0.0,0.0,0.003555477363988757,0.00014852052845526487,0.0,0.0,0.9999964237213135,0.015625,3.2068087421066593e-06,0.0,0.0,0.002677090233191848,3.191037103533745e-05,bfloat16,"[31.91208740234375, 32.0027392578125]",51.581415970004606,100,31.98967529296875,31.9990302734375,32.002368359375,33581651022.138416,32010.32803934314,5,"[9.577694702148438, 9.813739013671874]",57.27780896903087,100,9.602745971679688,9.77102685546875,9.809467797851562,111870720642.63843,106636.1645949991,5,128,8,True,64,0.0,0.0,1.0,0.001953125,2.1387577362474985e-06,0.0,0.0,0.00030550744850188494,1.4578849004465155e-05,276.25048828125,2686.51171875,0.0,6688.0,32,ok
True,0.7777691526260678,"[0.772744939629619, 0.8263222330668049]",3.75227047900328,"[3.663741890609895, 3.770342673137403]",True,1.0091734258961804,"[1.0025102633005378, 1.0123279212997023]",4.619409308808129,"[4.608405253809721, 4.650112112008445]",True,True,uniform,tilelang,"[25.9533984375, 26.04008544921875]",42.30552158322155,100,26.00248046875,26.03613134765625,26.0396900390625,41313985921.11479,39380.85834659704,5,2410.26123046875,6688.0,1,16,65536,0.0,0.0,0.9999913573265076,0.015625,6.3121033235802315e-06,0.0,0.0,0.004194194916635752,4.348945367382839e-05,0.0,0.0,0.9999931454658508,0.015625,3.5650016798172146e-05,0.0,0.0,0.003668621415272355,0.00015324681589845568,0.0,0.0,0.9999963641166687,0.015625,3.2068642212834675e-06,0.0,0.0,0.0026766418013721704,3.190502684446983e-05,bfloat16,"[34.21114013671875, 34.29859619140625]",48.20007896022864,100,34.233818359375,34.29122119140625,34.29785869140625,31380259739.73219,29911.942315355995,5,"[8.192044067382813, 8.266183471679687]",66.69796426120226,100,8.246492309570312,8.262380249023437,8.265803149414062,130269461447.66066,124174.007754984,5,128,8,True,64,0.0,0.0,1.0,0.001953125,2.1392363578343065e-06,0.0,0.0,0.0003055478155147284,1.4580776223738212e-05,812.25048828125,3222.51171875,0.0,6688.0,32,ok
