accepted,accuracy_valid,anchor_distribution,backend,batch_size,block_size,context_len,dK_actual_inf,dK_actual_nan,dK_allclose,dK_context_actual_inf,dK_context_actual_nan,dK_context_allclose,dK_context_cosine,dK_context_max_abs,dK_context_mean_abs,dK_context_mismatch_count,dK_context_reference_inf,dK_context_reference_nan,dK_context_relative_l2,dK_context_rmse,dK_cosine,dK_draft_actual_inf,dK_draft_actual_nan,dK_draft_allclose,dK_draft_cosine,dK_draft_max_abs,dK_draft_mean_abs,dK_draft_mismatch_count,dK_draft_reference_inf,dK_draft_reference_nan,dK_draft_relative_l2,dK_draft_rmse,dK_max_abs,dK_mean_abs,dK_mismatch_count,dK_reference_inf,dK_reference_nan,dK_relative_l2,dK_rmse,dQ_actual_inf,dQ_actual_nan,dQ_allclose,dQ_cosine,dQ_max_abs,dQ_mean_abs,dQ_mismatch_count,dQ_reference_inf,dQ_reference_nan,dQ_relative_l2,dQ_rmse,dV_actual_inf,dV_actual_nan,dV_allclose,dV_context_actual_inf,dV_context_actual_nan,dV_context_allclose,dV_context_cosine,dV_context_max_abs,dV_context_mean_abs,dV_context_mismatch_count,dV_context_reference_inf,dV_context_reference_nan,dV_context_relative_l2,dV_context_rmse,dV_cosine,dV_draft_actual_inf,dV_draft_actual_nan,dV_draft_allclose,dV_draft_cosine,dV_draft_max_abs,dV_draft_mean_abs,dV_draft_mismatch_count,dV_draft_reference_inf,dV_draft_reference_nan,dV_draft_relative_l2,dV_draft_rmse,dV_max_abs,dV_mean_abs,dV_mismatch_count,dV_reference_inf,dV_reference_nan,dV_relative_l2,dV_rmse,dtype,head_dim,kv_heads,memory_not_above_sdpa,num_anchors,output_actual_inf,output_actual_nan,output_allclose,output_cosine,output_max_abs,output_mean_abs,output_mismatch_count,output_reference_inf,output_reference_nan,output_relative_l2,output_rmse,query_heads,repeat_drift,status
,True,uniform,flex,1,16,512,0.0,0.0,True,0.0,0.0,True,0.9999918937683105,0.015625,0.0006362441927194595,0,0.0,0.0,0.0040502590127289295,0.0012204392114654183,0.9999920129776001,0.0,0.0,True,0.999991774559021,0.015625,0.00020641449373215437,0,0.0,0.0,0.0040300702676177025,0.0005355336470529437,0.015625,0.00034969107946380973,0,0.0,0.0,0.004044616129249334,0.0008292697020806372,0.0,0.0,True,0.9999932050704956,0.015625,0.0002522116410546005,0,0.0,0.0,0.0036765120457857847,0.0004605857247952372,0.0,0.0,True,0.0,0.0,True,0.9999964237213135,0.015625,0.00032053765607997775,0,0.0,0.0,0.0026717567816376686,0.0008379851933568716,0.9999963045120239,0.0,0.0,True,0.9999964833259583,0.015625,0.00011402217205613852,0,0.0,0.0,0.0026919988449662924,0.00040690996684134007,0.015625,0.0001828606764320284,0,0.0,0.0,0.0026781936176121235,0.0005869044689461589,bfloat16,128,8,,64,0.0,0.0,True,0.9999989867210388,0.00390625,7.874770381022245e-05,0,0.0,0.0,0.0014633265091106296,0.0001961583038792014,32,"[{""output"":{""max_abs"":0.0,""mean_abs"":0.0,""rmse"":0.0,""relative_l2"":0.0,""cosine"":1.0,""actual_nan"":0.0,""reference_nan"":0.0,""actual_inf"":0.0,""reference_inf"":0.0,""allclose"":true,""mismatch_count"":0},""dQ"":{""max_abs"":0.0,""mean_abs"":0.0,""rmse"":0.0,""relative_l2"":0.0,""cosine"":0.9999998807907104,""actual_nan"":0.0,""reference_nan"":0.0,""actual_inf"":0.0,""reference_inf"":0.0,""allclose"":true,""mismatch_count"":0},""dK"":{""max_abs"":0.0,""mean_abs"":0.0,""rmse"":0.0,""relative_l2"":0.0,""cosine"":1.0000001192092896,""actual_nan"":0.0,""reference_nan"":0.0,""actual_inf"":0.0,""reference_inf"":0.0,""allclose"":true,""mismatch_count"":0},""dV"":{""max_abs"":0.0,""mean_abs"":0.0,""rmse"":0.0,""relative_l2"":0.0,""cosine"":0.9999999403953552,""actual_nan"":0.0,""reference_nan"":0.0,""actual_inf"":0.0,""reference_inf"":0.0,""allclose"":true,""mismatch_count"":0}},{""output"":{""max_abs"":0.0,""mean_abs"":0.0,""rmse"":0.0,""relative_l2"":0.0,""cosine"":1.0,""actual_nan"":0.0,""reference_nan"":0.0,""actual_inf"":0.0,""reference_inf"":0.0,""allclose"":true,""mismatch_count"":0},""dQ"":{""max_abs"":0.0,""mean_abs"":0.0,""rmse"":0.0,""relative_l2"":0.0,""cosine"":0.9999998807907104,""actual_nan"":0.0,""reference_nan"":0.0,""actual_inf"":0.0,""reference_inf"":0.0,""allclose"":true,""mismatch_count"":0},""dK"":{""max_abs"":0.0,""mean_abs"":0.0,""rmse"":0.0,""relative_l2"":0.0,""cosine"":1.0000001192092896,""actual_nan"":0.0,""reference_nan"":0.0,""actual_inf"":0.0,""reference_inf"":0.0,""allclose"":true,""mismatch_count"":0},""dV"":{""max_abs"":0.0,""mean_abs"":0.0,""rmse"":0.0,""relative_l2"":0.0,""cosine"":0.9999999403953552,""actual_nan"":0.0,""reference_nan"":0.0,""actual_inf"":0.0,""reference_inf"":0.0,""allclose"":true,""mismatch_count"":0}}]",accuracy_only
,True,uniform,sdpa,1,16,512,0.0,0.0,True,0.0,0.0,True,1.0000001192092896,0.0,0.0,0,0.0,0.0,0.0,0.0,1.000000238418579,0.0,0.0,True,1.0,0.0,0.0,0,0.0,0.0,0.0,0.0,0.0,0.0,0,0.0,0.0,0.0,0.0,0.0,0.0,True,0.9999998807907104,0.0,0.0,0,0.0,0.0,0.0,0.0,0.0,0.0,True,0.0,0.0,True,1.0,0.0,0.0,0,0.0,0.0,0.0,0.0,0.9999998807907104,0.0,0.0,True,1.0,0.0,0.0,0,0.0,0.0,0.0,0.0,0.0,0.0,0,0.0,0.0,0.0,0.0,bfloat16,128,8,,64,0.0,0.0,True,1.0,0.0,0.0,0,0.0,0.0,0.0,0.0,32,"[{""output"":{""max_abs"":0.0,""mean_abs"":0.0,""rmse"":0.0,""relative_l2"":0.0,""cosine"":1.0,""actual_nan"":0.0,""reference_nan"":0.0,""actual_inf"":0.0,""reference_inf"":0.0,""allclose"":true,""mismatch_count"":0},""dQ"":{""max_abs"":0.0,""mean_abs"":0.0,""rmse"":0.0,""relative_l2"":0.0,""cosine"":0.9999998807907104,""actual_nan"":0.0,""reference_nan"":0.0,""actual_inf"":0.0,""reference_inf"":0.0,""allclose"":true,""mismatch_count"":0},""dK"":{""max_abs"":0.0,""mean_abs"":0.0,""rmse"":0.0,""relative_l2"":0.0,""cosine"":1.000000238418579,""actual_nan"":0.0,""reference_nan"":0.0,""actual_inf"":0.0,""reference_inf"":0.0,""allclose"":true,""mismatch_count"":0},""dV"":{""max_abs"":0.0,""mean_abs"":0.0,""rmse"":0.0,""relative_l2"":0.0,""cosine"":0.9999998807907104,""actual_nan"":0.0,""reference_nan"":0.0,""actual_inf"":0.0,""reference_inf"":0.0,""allclose"":true,""mismatch_count"":0}},{""output"":{""max_abs"":0.0,""mean_abs"":0.0,""rmse"":0.0,""relative_l2"":0.0,""cosine"":1.0,""actual_nan"":0.0,""reference_nan"":0.0,""actual_inf"":0.0,""reference_inf"":0.0,""allclose"":true,""mismatch_count"":0},""dQ"":{""max_abs"":0.0,""mean_abs"":0.0,""rmse"":0.0,""relative_l2"":0.0,""cosine"":0.9999998807907104,""actual_nan"":0.0,""reference_nan"":0.0,""actual_inf"":0.0,""reference_inf"":0.0,""allclose"":true,""mismatch_count"":0},""dK"":{""max_abs"":0.0,""mean_abs"":0.0,""rmse"":0.0,""relative_l2"":0.0,""cosine"":1.000000238418579,""actual_nan"":0.0,""reference_nan"":0.0,""actual_inf"":0.0,""reference_inf"":0.0,""allclose"":true,""mismatch_count"":0},""dV"":{""max_abs"":0.0,""mean_abs"":0.0,""rmse"":0.0,""relative_l2"":0.0,""cosine"":0.9999998807907104,""actual_nan"":0.0,""reference_nan"":0.0,""actual_inf"":0.0,""reference_inf"":0.0,""allclose"":true,""mismatch_count"":0}}]",accuracy_only
,True,uniform,triton,1,16,512,0.0,0.0,True,0.0,0.0,True,0.9999920725822449,0.015625,0.0006219247588887811,0,0.0,0.0,0.003989097196608782,0.00120200973469764,0.9999921321868896,0.0,0.0,True,0.9999921321868896,0.015625,0.00019940035417675972,0,0.0,0.0,0.003991952631622553,0.0005304684164002538,0.015625,0.0003402417933102697,0,0.0,0.0,0.0039898972027003765,0.0008180507575161755,0.0,0.0,True,0.9999936819076538,0.015625,0.00023703629267401993,0,0.0,0.0,0.0035527278669178486,0.0004450783017091453,0.0,0.0,True,0.0,0.0,True,0.9999964237213135,0.015625,0.00032044859835878015,0,0.0,0.0,0.002671595197170973,0.000837934494484216,0.9999964237213135,0.0,0.0,True,0.9999964237213135,0.015625,0.00011400035145925358,0,0.0,0.0,0.0026921737007796764,0.0004069363931193948,0.015625,0.00018281643860973418,0,0.0,0.0,0.002678139368072152,0.0005868925945833325,bfloat16,128,8,,64,0.0,0.0,True,0.9999995231628418,0.00390625,3.6594159610103816e-05,0,0.0,0.0,0.001000553136691451,0.00013412372209131718,32,"[{""output"":{""max_abs"":0.0,""mean_abs"":0.0,""rmse"":0.0,""relative_l2"":0.0,""cosine"":1.0,""actual_nan"":0.0,""reference_nan"":0.0,""actual_inf"":0.0,""reference_inf"":0.0,""allclose"":true,""mismatch_count"":0},""dQ"":{""max_abs"":0.0,""mean_abs"":0.0,""rmse"":0.0,""relative_l2"":0.0,""cosine"":1.0,""actual_nan"":0.0,""reference_nan"":0.0,""actual_inf"":0.0,""reference_inf"":0.0,""allclose"":true,""mismatch_count"":0},""dK"":{""max_abs"":0.0,""mean_abs"":0.0,""rmse"":0.0,""relative_l2"":0.0,""cosine"":1.0,""actual_nan"":0.0,""reference_nan"":0.0,""actual_inf"":0.0,""reference_inf"":0.0,""allclose"":true,""mismatch_count"":0},""dV"":{""max_abs"":0.0,""mean_abs"":0.0,""rmse"":0.0,""relative_l2"":0.0,""cosine"":1.0000001192092896,""actual_nan"":0.0,""reference_nan"":0.0,""actual_inf"":0.0,""reference_inf"":0.0,""allclose"":true,""mismatch_count"":0}},{""output"":{""max_abs"":0.0,""mean_abs"":0.0,""rmse"":0.0,""relative_l2"":0.0,""cosine"":1.0,""actual_nan"":0.0,""reference_nan"":0.0,""actual_inf"":0.0,""reference_inf"":0.0,""allclose"":true,""mismatch_count"":0},""dQ"":{""max_abs"":0.0,""mean_abs"":0.0,""rmse"":0.0,""relative_l2"":0.0,""cosine"":1.0,""actual_nan"":0.0,""reference_nan"":0.0,""actual_inf"":0.0,""reference_inf"":0.0,""allclose"":true,""mismatch_count"":0},""dK"":{""max_abs"":0.0,""mean_abs"":0.0,""rmse"":0.0,""relative_l2"":0.0,""cosine"":1.0,""actual_nan"":0.0,""reference_nan"":0.0,""actual_inf"":0.0,""reference_inf"":0.0,""allclose"":true,""mismatch_count"":0},""dV"":{""max_abs"":0.0,""mean_abs"":0.0,""rmse"":0.0,""relative_l2"":0.0,""cosine"":1.0000001192092896,""actual_nan"":0.0,""reference_nan"":0.0,""actual_inf"":0.0,""reference_inf"":0.0,""allclose"":true,""mismatch_count"":0}}]",accuracy_only
,True,uniform,tilelang,1,16,512,0.0,0.0,True,0.0,0.0,True,0.9999920129776001,0.015625,0.0006242649396881461,0,0.0,0.0,0.004005205351859331,0.0012068634387105703,0.9999920129776001,0.0,0.0,True,0.9999918937683105,0.015625,0.00020136547391302884,0,0.0,0.0,0.0040264371782541275,0.0005350508727133274,0.015625,0.00034233200130984187,0,0.0,0.0,0.004011163022369146,0.0008224108023568988,0.0,0.0,True,0.9999935626983643,0.015625,0.00023955482174642384,0,0.0,0.0,0.003579481737688184,0.00044842998613603413,0.0,0.0,True,0.0,0.0,True,0.999996542930603,0.015625,0.00032054452458396554,0,0.0,0.0,0.0026725544594228268,0.0008382353698834777,0.9999964833259583,0.0,0.0,True,0.9999964237213135,0.015625,0.00011402342352084816,0,0.0,0.0,0.002692281035706401,0.0004069526039529592,0.015625,0.00018286379054188728,0,0.0,0.0,0.002678826916962862,0.0005870432360097766,bfloat16,128,8,,64,0.0,0.0,True,0.9999995231628418,0.00390625,3.6594261473510414e-05,0,0.0,0.0,0.0010006055235862732,0.00013413075066637248,32,"[{""output"":{""max_abs"":0.0,""mean_abs"":0.0,""rmse"":0.0,""relative_l2"":0.0,""cosine"":1.0,""actual_nan"":0.0,""reference_nan"":0.0,""actual_inf"":0.0,""reference_inf"":0.0,""allclose"":true,""mismatch_count"":0},""dQ"":{""max_abs"":0.0,""mean_abs"":0.0,""rmse"":0.0,""relative_l2"":0.0,""cosine"":0.9999998807907104,""actual_nan"":0.0,""reference_nan"":0.0,""actual_inf"":0.0,""reference_inf"":0.0,""allclose"":true,""mismatch_count"":0},""dK"":{""max_abs"":0.00390625,""mean_abs"":8.508910909199585e-09,""rmse"":3.762294227271923e-06,""relative_l2"":1.8349217498325743e-05,""cosine"":1.0,""actual_nan"":0.0,""reference_nan"":0.0,""actual_inf"":0.0,""reference_inf"":0.0,""allclose"":true,""mismatch_count"":0},""dV"":{""max_abs"":0.001953125,""mean_abs"":6.184727396885137e-09,""rmse"":2.6348043320467696e-06,""relative_l2"":1.2023213457723614e-05,""cosine"":1.0,""actual_nan"":0.0,""reference_nan"":0.0,""actual_inf"":0.0,""reference_inf"":0.0,""allclose"":true,""mismatch_count"":0}},{""output"":{""max_abs"":0.0,""mean_abs"":0.0,""rmse"":0.0,""relative_l2"":0.0,""cosine"":1.0,""actual_nan"":0.0,""reference_nan"":0.0,""actual_inf"":0.0,""reference_inf"":0.0,""allclose"":true,""mismatch_count"":0},""dQ"":{""max_abs"":0.0,""mean_abs"":0.0,""rmse"":0.0,""relative_l2"":0.0,""cosine"":0.9999998807907104,""actual_nan"":0.0,""reference_nan"":0.0,""actual_inf"":0.0,""reference_inf"":0.0,""allclose"":true,""mismatch_count"":0},""dK"":{""max_abs"":0.001953125,""mean_abs"":4.836929967666492e-09,""rmse"":2.1780333554488607e-06,""relative_l2"":1.062256342265755e-05,""cosine"":1.0,""actual_nan"":0.0,""reference_nan"":0.0,""actual_inf"":0.0,""reference_inf"":0.0,""allclose"":true,""mismatch_count"":0},""dV"":{""max_abs"":0.001953125,""mean_abs"":4.461888636342337e-09,""rmse"":2.152110027964227e-06,""relative_l2"":9.820569175644778e-06,""cosine"":1.0000001192092896,""actual_nan"":0.0,""reference_nan"":0.0,""actual_inf"":0.0,""reference_inf"":0.0,""allclose"":true,""mismatch_count"":0}}]",accuracy_only
,True,uniform,flex,1,16,2048,0.0,0.0,True,0.0,0.0,True,0.9999919533729553,0.015625,0.00018089977675117552,0,0.0,0.0,0.004023084882646799,0.00038170881452970207,0.999991774559021,0.0,0.0,True,0.9999918341636658,0.015625,8.301270281663164e-05,0,0.0,0.0,0.004074037075042725,0.0003572580753825605,0.015625,0.00014827074483036995,0,0.0,0.0,0.004038400948047638,0.00037373637314885855,0.0,0.0,True,0.9999933242797852,0.015625,0.00014745607040822506,0,0.0,0.0,0.003651881590485573,0.00029299978632479906,0.0,0.0,True,0.0,0.0,True,0.9999966025352478,0.0078125,9.038600546773523e-05,0,0.0,0.0,0.0026834856253117323,0.0002572168887127191,0.9999963045120239,0.0,0.0,True,0.9999964833259583,0.015625,4.581124449032359e-05,0,0.0,0.0,0.0026918586809188128,0.0002765942772384733,0.015625,7.552775059593841e-05,0,0.0,0.0,0.002686543855816126,0.00026383419753983617,bfloat16,128,8,,64,0.0,0.0,True,0.999998927116394,0.00390625,4.850735786021687e-05,0,0.0,0.0,0.0014520776458084583,0.0001237448595929891,32,"[{""output"":{""max_abs"":0.0,""mean_abs"":0.0,""rmse"":0.0,""relative_l2"":0.0,""cosine"":1.0,""actual_nan"":0.0,""reference_nan"":0.0,""actual_inf"":0.0,""reference_inf"":0.0,""allclose"":true,""mismatch_count"":0},""dQ"":{""max_abs"":0.0,""mean_abs"":0.0,""rmse"":0.0,""relative_l2"":0.0,""cosine"":1.0000001192092896,""actual_nan"":0.0,""reference_nan"":0.0,""actual_inf"":0.0,""reference_inf"":0.0,""allclose"":true,""mismatch_count"":0},""dK"":{""max_abs"":0.0,""mean_abs"":0.0,""rmse"":0.0,""relative_l2"":0.0,""cosine"":0.9999998807907104,""actual_nan"":0.0,""reference_nan"":0.0,""actual_inf"":0.0,""reference_inf"":0.0,""allclose"":true,""mismatch_count"":0},""dV"":{""max_abs"":0.0,""mean_abs"":0.0,""rmse"":0.0,""relative_l2"":0.0,""cosine"":1.0,""actual_nan"":0.0,""reference_nan"":0.0,""actual_inf"":0.0,""reference_inf"":0.0,""allclose"":true,""mismatch_count"":0}},{""output"":{""max_abs"":0.0,""mean_abs"":0.0,""rmse"":0.0,""relative_l2"":0.0,""cosine"":1.0,""actual_nan"":0.0,""reference_nan"":0.0,""actual_inf"":0.0,""reference_inf"":0.0,""allclose"":true,""mismatch_count"":0},""dQ"":{""max_abs"":0.0,""mean_abs"":0.0,""rmse"":0.0,""relative_l2"":0.0,""cosine"":1.0000001192092896,""actual_nan"":0.0,""reference_nan"":0.0,""actual_inf"":0.0,""reference_inf"":0.0,""allclose"":true,""mismatch_count"":0},""dK"":{""max_abs"":0.0,""mean_abs"":0.0,""rmse"":0.0,""relative_l2"":0.0,""cosine"":0.9999998807907104,""actual_nan"":0.0,""reference_nan"":0.0,""actual_inf"":0.0,""reference_inf"":0.0,""allclose"":true,""mismatch_count"":0},""dV"":{""max_abs"":0.0,""mean_abs"":0.0,""rmse"":0.0,""relative_l2"":0.0,""cosine"":1.0,""actual_nan"":0.0,""reference_nan"":0.0,""actual_inf"":0.0,""reference_inf"":0.0,""allclose"":true,""mismatch_count"":0}}]",accuracy_only
,True,uniform,sdpa,1,16,2048,0.0,0.0,True,0.0,0.0,True,1.0000001192092896,0.0,0.0,0,0.0,0.0,0.0,0.0,0.9999999403953552,0.0,0.0,True,1.0000001192092896,0.0,0.0,0,0.0,0.0,0.0,0.0,0.0,0.0,0,0.0,0.0,0.0,0.0,0.0,0.0,True,1.0,0.0,0.0,0,0.0,0.0,0.0,0.0,0.0,0.0,True,0.0,0.0,True,1.0,0.0,0.0,0,0.0,0.0,0.0,0.0,0.9999998807907104,0.0,0.0,True,1.0000001192092896,0.0,0.0,0,0.0,0.0,0.0,0.0,0.0,0.0,0,0.0,0.0,0.0,0.0,bfloat16,128,8,,64,0.0,0.0,True,0.9999999403953552,0.0,0.0,0,0.0,0.0,0.0,0.0,32,"[{""output"":{""max_abs"":0.0,""mean_abs"":0.0,""rmse"":0.0,""relative_l2"":0.0,""cosine"":0.9999999403953552,""actual_nan"":0.0,""reference_nan"":0.0,""actual_inf"":0.0,""reference_inf"":0.0,""allclose"":true,""mismatch_count"":0},""dQ"":{""max_abs"":0.0,""mean_abs"":0.0,""rmse"":0.0,""relative_l2"":0.0,""cosine"":1.0,""actual_nan"":0.0,""reference_nan"":0.0,""actual_inf"":0.0,""reference_inf"":0.0,""allclose"":true,""mismatch_count"":0},""dK"":{""max_abs"":0.0,""mean_abs"":0.0,""rmse"":0.0,""relative_l2"":0.0,""cosine"":0.9999999403953552,""actual_nan"":0.0,""reference_nan"":0.0,""actual_inf"":0.0,""reference_inf"":0.0,""allclose"":true,""mismatch_count"":0},""dV"":{""max_abs"":0.0,""mean_abs"":0.0,""rmse"":0.0,""relative_l2"":0.0,""cosine"":0.9999998807907104,""actual_nan"":0.0,""reference_nan"":0.0,""actual_inf"":0.0,""reference_inf"":0.0,""allclose"":true,""mismatch_count"":0}},{""output"":{""max_abs"":0.0,""mean_abs"":0.0,""rmse"":0.0,""relative_l2"":0.0,""cosine"":0.9999999403953552,""actual_nan"":0.0,""reference_nan"":0.0,""actual_inf"":0.0,""reference_inf"":0.0,""allclose"":true,""mismatch_count"":0},""dQ"":{""max_abs"":0.0001220703125,""mean_abs"":3.184297270308889e-11,""rmse"":5.974998629199035e-08,""relative_l2"":7.447100074386981e-07,""cosine"":1.0,""actual_nan"":0.0,""reference_nan"":0.0,""actual_inf"":0.0,""reference_inf"":0.0,""allclose"":true,""mismatch_count"":0},""dK"":{""max_abs"":0.0,""mean_abs"":0.0,""rmse"":0.0,""relative_l2"":0.0,""cosine"":0.9999999403953552,""actual_nan"":0.0,""reference_nan"":0.0,""actual_inf"":0.0,""reference_inf"":0.0,""allclose"":true,""mismatch_count"":0},""dV"":{""max_abs"":0.0,""mean_abs"":0.0,""rmse"":0.0,""relative_l2"":0.0,""cosine"":0.9999998807907104,""actual_nan"":0.0,""reference_nan"":0.0,""actual_inf"":0.0,""reference_inf"":0.0,""allclose"":true,""mismatch_count"":0}}]",accuracy_only
,True,uniform,triton,1,16,2048,0.0,0.0,True,0.0,0.0,True,0.9999921321868896,0.0078125,0.00017774233128875494,0,0.0,0.0,0.003980573732405901,0.00037767537287436426,0.9999918937683105,0.0,0.0,True,0.9999918937683105,0.015625,8.039968088269234e-05,0,0.0,0.0,0.004063728265464306,0.0003563540813047439,0.015625,0.0001452947617508471,0,0.0,0.0,0.004005641210824251,0.0003707045689225197,0.0,0.0,True,0.9999936819076538,0.015625,0.00014103975263424218,0,0.0,0.0,0.003553517861291766,0.0002851078170351684,0.0,0.0,True,0.0,0.0,True,0.9999964833259583,0.0078125,9.041899465955794e-05,0,0.0,0.0,0.002684469800442457,0.00025731121422722936,0.9999963641166687,0.0,0.0,True,0.9999964833259583,0.015625,4.5791795855620876e-05,0,0.0,0.0,0.002690953901037574,0.0002765013196039945,0.015625,7.554326293757185e-05,0,0.0,0.0,0.002686837688088417,0.0002638630394358188,bfloat16,128,8,,64,0.0,0.0,True,0.999999463558197,0.00390625,2.238455999759026e-05,0,0.0,0.0,0.001019527786411345,8.688331581652164e-05,32,"[{""output"":{""max_abs"":0.0,""mean_abs"":0.0,""rmse"":0.0,""relative_l2"":0.0,""cosine"":1.0,""actual_nan"":0.0,""reference_nan"":0.0,""actual_inf"":0.0,""reference_inf"":0.0,""allclose"":true,""mismatch_count"":0},""dQ"":{""max_abs"":0.0,""mean_abs"":0.0,""rmse"":0.0,""relative_l2"":0.0,""cosine"":1.0,""actual_nan"":0.0,""reference_nan"":0.0,""actual_inf"":0.0,""reference_inf"":0.0,""allclose"":true,""mismatch_count"":0},""dK"":{""max_abs"":0.0,""mean_abs"":0.0,""rmse"":0.0,""relative_l2"":0.0,""cosine"":1.0,""actual_nan"":0.0,""reference_nan"":0.0,""actual_inf"":0.0,""reference_inf"":0.0,""allclose"":true,""mismatch_count"":0},""dV"":{""max_abs"":0.0,""mean_abs"":0.0,""rmse"":0.0,""relative_l2"":0.0,""cosine"":1.0000001192092896,""actual_nan"":0.0,""reference_nan"":0.0,""actual_inf"":0.0,""reference_inf"":0.0,""allclose"":true,""mismatch_count"":0}},{""output"":{""max_abs"":0.0,""mean_abs"":0.0,""rmse"":0.0,""relative_l2"":0.0,""cosine"":1.0,""actual_nan"":0.0,""reference_nan"":0.0,""actual_inf"":0.0,""reference_inf"":0.0,""allclose"":true,""mismatch_count"":0},""dQ"":{""max_abs"":0.0,""mean_abs"":0.0,""rmse"":0.0,""relative_l2"":0.0,""cosine"":1.0,""actual_nan"":0.0,""reference_nan"":0.0,""actual_inf"":0.0,""reference_inf"":0.0,""allclose"":true,""mismatch_count"":0},""dK"":{""max_abs"":0.0,""mean_abs"":0.0,""rmse"":0.0,""relative_l2"":0.0,""cosine"":1.0,""actual_nan"":0.0,""reference_nan"":0.0,""actual_inf"":0.0,""reference_inf"":0.0,""allclose"":true,""mismatch_count"":0},""dV"":{""max_abs"":0.0,""mean_abs"":0.0,""rmse"":0.0,""relative_l2"":0.0,""cosine"":1.0000001192092896,""actual_nan"":0.0,""reference_nan"":0.0,""actual_inf"":0.0,""reference_inf"":0.0,""allclose"":true,""mismatch_count"":0}}]",accuracy_only
,True,uniform,tilelang,1,16,2048,0.0,0.0,True,0.0,0.0,True,0.9999921321868896,0.009765625,0.00017821634537540376,0,0.0,0.0,0.004000712186098099,0.0003795861266553402,0.9999918341636658,0.0,0.0,True,0.9999915957450867,0.015625,8.133961819112301e-05,0,0.0,0.0,0.004108945839107037,0.00036031927447766066,0.015625,0.0001459241029806435,0,0.0,0.0,0.004033408593386412,0.0003732743498403579,0.0,0.0,True,0.9999935626983643,0.015625,0.00014228031795937568,0,0.0,0.0,0.003590656677260995,0.0002880875545088202,0.0,0.0,True,0.0,0.0,True,0.9999964237213135,0.0078125,9.041449084179476e-05,0,0.0,0.0,0.0026842751540243626,0.0002572925586719066,0.9999964237213135,0.0,0.0,True,0.9999964833259583,0.015625,4.579138112603687e-05,0,0.0,0.0,0.002690948313102126,0.00027650073752738535,0.015625,7.554011972388253e-05,0,0.0,0.0,0.002686711959540844,0.0002638507285155356,bfloat16,128,8,,64,0.0,0.0,True,0.999999463558197,0.00390625,2.238746492366772e-05,0,0.0,0.0,0.0010196485091000795,8.68936040205881e-05,32,"[{""output"":{""max_abs"":0.0,""mean_abs"":0.0,""rmse"":0.0,""relative_l2"":0.0,""cosine"":1.0,""actual_nan"":0.0,""reference_nan"":0.0,""actual_inf"":0.0,""reference_inf"":0.0,""allclose"":true,""mismatch_count"":0},""dQ"":{""max_abs"":0.0,""mean_abs"":0.0,""rmse"":0.0,""relative_l2"":0.0,""cosine"":1.0,""actual_nan"":0.0,""reference_nan"":0.0,""actual_inf"":0.0,""reference_inf"":0.0,""allclose"":true,""mismatch_count"":0},""dK"":{""max_abs"":0.001953125,""mean_abs"":4.620904547891769e-09,""rmse"":2.046977897407487e-06,""relative_l2"":2.211853461631108e-05,""cosine"":1.0,""actual_nan"":0.0,""reference_nan"":0.0,""actual_inf"":0.0,""reference_inf"":0.0,""allclose"":true,""mismatch_count"":0},""dV"":{""max_abs"":0.001953125,""mean_abs"":5.7189981639282905e-09,""rmse"":1.917125246109208e-06,""relative_l2"":1.9521587091730908e-05,""cosine"":1.0,""actual_nan"":0.0,""reference_nan"":0.0,""actual_inf"":0.0,""reference_inf"":0.0,""allclose"":true,""mismatch_count"":0}},{""output"":{""max_abs"":0.0,""mean_abs"":0.0,""rmse"":0.0,""relative_l2"":0.0,""cosine"":1.0,""actual_nan"":0.0,""reference_nan"":0.0,""actual_inf"":0.0,""reference_inf"":0.0,""allclose"":true,""mismatch_count"":0},""dQ"":{""max_abs"":0.0,""mean_abs"":0.0,""rmse"":0.0,""relative_l2"":0.0,""cosine"":1.0,""actual_nan"":0.0,""reference_nan"":0.0,""actual_inf"":0.0,""reference_inf"":0.0,""allclose"":true,""mismatch_count"":0},""dK"":{""max_abs"":0.0009765625,""mean_abs"":3.5638607620569474e-09,""rmse"":1.4149348999126232e-06,""relative_l2"":1.5289020666386932e-05,""cosine"":1.0,""actual_nan"":0.0,""reference_nan"":0.0,""actual_inf"":0.0,""reference_inf"":0.0,""allclose"":true,""mismatch_count"":0},""dV"":{""max_abs"":0.0009765625,""mean_abs"":4.698905708977463e-09,""rmse"":1.5383068330265814e-06,""relative_l2"":1.5664176316931844e-05,""cosine"":1.0,""actual_nan"":0.0,""reference_nan"":0.0,""actual_inf"":0.0,""reference_inf"":0.0,""allclose"":true,""mismatch_count"":0}}]",accuracy_only
,True,uniform,flex,1,16,8192,0.0,0.0,True,0.0,0.0,True,0.9999918937683105,0.0078125,4.783955591847189e-05,0,0.0,0.0,0.0040374877862632275,0.0001070214420906268,0.9999917149543762,0.0,0.0,True,0.9999916553497314,0.03125,4.061048093717545e-05,0,0.0,0.0,0.004098240286111832,0.00031288969330489635,0.03125,4.70363229396753e-05,0,0.0,0.0,0.004068528767675161,0.0001451162970624864,0.0,0.0,True,0.9999932050704956,0.015625,8.328452531713992e-05,0,0.0,0.0,0.0036832187324762344,0.00019738831906579435,0.0,0.0,True,0.0,0.0,True,0.9999964237213135,0.00390625,2.3696087737334892e-05,0,0.0,0.0,0.0026722298935055733,7.088393613230437e-05,0.999996542930603,0.0,0.0,True,0.9999964833259583,0.015625,2.2761078071198426e-05,0,0.0,0.0,0.0026040575467050076,0.00024439539993181825,0.015625,2.359219615755137e-05,0,0.0,0.0,0.0026308479718863964,0.000105369916127529,bfloat16,128,8,,64,0.0,0.0,True,0.9999993443489075,0.001953125,2.657079130585771e-05,0,0.0,0.0,0.0011813086457550526,7.055693276925012e-05,32,"[{""output"":{""max_abs"":0.0,""mean_abs"":0.0,""rmse"":0.0,""relative_l2"":0.0,""cosine"":1.0,""actual_nan"":0.0,""reference_nan"":0.0,""actual_inf"":0.0,""reference_inf"":0.0,""allclose"":true,""mismatch_count"":0},""dQ"":{""max_abs"":0.0,""mean_abs"":0.0,""rmse"":0.0,""relative_l2"":0.0,""cosine"":1.0000001192092896,""actual_nan"":0.0,""reference_nan"":0.0,""actual_inf"":0.0,""reference_inf"":0.0,""allclose"":true,""mismatch_count"":0},""dK"":{""max_abs"":0.0,""mean_abs"":0.0,""rmse"":0.0,""relative_l2"":0.0,""cosine"":1.0,""actual_nan"":0.0,""reference_nan"":0.0,""actual_inf"":0.0,""reference_inf"":0.0,""allclose"":true,""mismatch_count"":0},""dV"":{""max_abs"":0.0,""mean_abs"":0.0,""rmse"":0.0,""relative_l2"":0.0,""cosine"":1.0,""actual_nan"":0.0,""reference_nan"":0.0,""actual_inf"":0.0,""reference_inf"":0.0,""allclose"":true,""mismatch_count"":0}},{""output"":{""max_abs"":0.0,""mean_abs"":0.0,""rmse"":0.0,""relative_l2"":0.0,""cosine"":1.0,""actual_nan"":0.0,""reference_nan"":0.0,""actual_inf"":0.0,""reference_inf"":0.0,""allclose"":true,""mismatch_count"":0},""dQ"":{""max_abs"":0.0,""mean_abs"":0.0,""rmse"":0.0,""relative_l2"":0.0,""cosine"":1.0000001192092896,""actual_nan"":0.0,""reference_nan"":0.0,""actual_inf"":0.0,""reference_inf"":0.0,""allclose"":true,""mismatch_count"":0},""dK"":{""max_abs"":0.0,""mean_abs"":0.0,""rmse"":0.0,""relative_l2"":0.0,""cosine"":1.0,""actual_nan"":0.0,""reference_nan"":0.0,""actual_inf"":0.0,""reference_inf"":0.0,""allclose"":true,""mismatch_count"":0},""dV"":{""max_abs"":0.0,""mean_abs"":0.0,""rmse"":0.0,""relative_l2"":0.0,""cosine"":1.0,""actual_nan"":0.0,""reference_nan"":0.0,""actual_inf"":0.0,""reference_inf"":0.0,""allclose"":true,""mismatch_count"":0}}]",accuracy_only
,True,uniform,sdpa,1,16,8192,0.0,0.0,True,0.0,0.0,True,1.0,0.0,0.0,0,0.0,0.0,0.0,0.0,1.0,0.0,0.0,True,1.0000001192092896,0.0,0.0,0,0.0,0.0,0.0,0.0,0.0,0.0,0,0.0,0.0,0.0,0.0,0.0,0.0,True,0.9999999403953552,0.000244140625,1.0428908847615048e-09,0,0.0,0.0,5.3895223572908435e-06,2.888312735649379e-07,0.0,0.0,True,0.0,0.0,True,1.0,0.0,0.0,0,0.0,0.0,0.0,0.0,1.0,0.0,0.0,True,1.0,0.0,0.0,0,0.0,0.0,0.0,0.0,0.0,0.0,0,0.0,0.0,0.0,0.0,bfloat16,128,8,,64,0.0,0.0,True,1.0,0.0,0.0,0,0.0,0.0,0.0,0.0,32,"[{""output"":{""max_abs"":0.0,""mean_abs"":0.0,""rmse"":0.0,""relative_l2"":0.0,""cosine"":1.0,""actual_nan"":0.0,""reference_nan"":0.0,""actual_inf"":0.0,""reference_inf"":0.0,""allclose"":true,""mismatch_count"":0},""dQ"":{""max_abs"":0.000244140625,""mean_abs"":8.199286249954696e-10,""rmse"":2.8234541105121025e-07,""relative_l2"":5.2684977163153235e-06,""cosine"":0.9999999403953552,""actual_nan"":0.0,""reference_nan"":0.0,""actual_inf"":0.0,""reference_inf"":0.0,""allclose"":true,""mismatch_count"":0},""dK"":{""max_abs"":0.0,""mean_abs"":0.0,""rmse"":0.0,""relative_l2"":0.0,""cosine"":1.0,""actual_nan"":0.0,""reference_nan"":0.0,""actual_inf"":0.0,""reference_inf"":0.0,""allclose"":true,""mismatch_count"":0},""dV"":{""max_abs"":0.0,""mean_abs"":0.0,""rmse"":0.0,""relative_l2"":0.0,""cosine"":1.0,""actual_nan"":0.0,""reference_nan"":0.0,""actual_inf"":0.0,""reference_inf"":0.0,""allclose"":true,""mismatch_count"":0}},{""output"":{""max_abs"":0.0,""mean_abs"":0.0,""rmse"":0.0,""relative_l2"":0.0,""cosine"":1.0,""actual_nan"":0.0,""reference_nan"":0.0,""actual_inf"":0.0,""reference_inf"":0.0,""allclose"":true,""mismatch_count"":0},""dQ"":{""max_abs"":0.000244140625,""mean_abs"":9.129544897845676e-10,""rmse"":3.087483833041915e-07,""relative_l2"":5.761170996265719e-06,""cosine"":0.9999999403953552,""actual_nan"":0.0,""reference_nan"":0.0,""actual_inf"":0.0,""reference_inf"":0.0,""allclose"":true,""mismatch_count"":0},""dK"":{""max_abs"":0.0,""mean_abs"":0.0,""rmse"":0.0,""relative_l2"":0.0,""cosine"":1.0,""actual_nan"":0.0,""reference_nan"":0.0,""actual_inf"":0.0,""reference_inf"":0.0,""allclose"":true,""mismatch_count"":0},""dV"":{""max_abs"":0.0,""mean_abs"":0.0,""rmse"":0.0,""relative_l2"":0.0,""cosine"":1.0,""actual_nan"":0.0,""reference_nan"":0.0,""actual_inf"":0.0,""reference_inf"":0.0,""allclose"":true,""mismatch_count"":0}}]",accuracy_only
,True,uniform,triton,1,16,8192,0.0,0.0,True,0.0,0.0,True,0.9999920725822449,0.0078125,4.686105239670724e-05,0,0.0,0.0,0.003999779466539621,0.00010602191468933597,0.9999920129776001,0.0,0.0,True,0.9999920129776001,0.015625,3.9144721085904166e-05,0,0.0,0.0,0.004003031644970179,0.00030562077881768346,0.015625,4.600368265528232e-05,0,0.0,0.0,0.004001435358077288,0.00014272322005126625,0.0,0.0,True,0.9999936819076538,0.01220703125,7.973269384820014e-05,0,0.0,0.0,0.003545292653143406,0.00018999668827746063,0.0,0.0,True,0.0,0.0,True,0.9999963641166687,0.00390625,2.3695771233178675e-05,0,0.0,0.0,0.002672102302312851,7.088055281201378e-05,0.9999964833259583,0.0,0.0,True,0.9999966025352478,0.015625,2.2760756110074e-05,0,0.0,0.0,0.002604037756100297,0.000244393537286669,0.015625,2.3591879653395154e-05,0,0.0,0.0,0.002630785573273897,0.00010536741319810972,bfloat16,128,8,,64,0.0,0.0,True,0.9999997019767761,0.001953125,1.0494361049495637e-05,0,0.0,0.0,0.0008497806848026812,5.0755508709698915e-05,32,"[{""output"":{""max_abs"":0.0,""mean_abs"":0.0,""rmse"":0.0,""relative_l2"":0.0,""cosine"":1.0,""actual_nan"":0.0,""reference_nan"":0.0,""actual_inf"":0.0,""reference_inf"":0.0,""allclose"":true,""mismatch_count"":0},""dQ"":{""max_abs"":0.0,""mean_abs"":0.0,""rmse"":0.0,""relative_l2"":0.0,""cosine"":0.9999999403953552,""actual_nan"":0.0,""reference_nan"":0.0,""actual_inf"":0.0,""reference_inf"":0.0,""allclose"":true,""mismatch_count"":0},""dK"":{""max_abs"":0.0,""mean_abs"":0.0,""rmse"":0.0,""relative_l2"":0.0,""cosine"":1.0,""actual_nan"":0.0,""reference_nan"":0.0,""actual_inf"":0.0,""reference_inf"":0.0,""allclose"":true,""mismatch_count"":0},""dV"":{""max_abs"":0.0,""mean_abs"":0.0,""rmse"":0.0,""relative_l2"":0.0,""cosine"":1.0,""actual_nan"":0.0,""reference_nan"":0.0,""actual_inf"":0.0,""reference_inf"":0.0,""allclose"":true,""mismatch_count"":0}},{""output"":{""max_abs"":0.0,""mean_abs"":0.0,""rmse"":0.0,""relative_l2"":0.0,""cosine"":1.0,""actual_nan"":0.0,""reference_nan"":0.0,""actual_inf"":0.0,""reference_inf"":0.0,""allclose"":true,""mismatch_count"":0},""dQ"":{""max_abs"":0.0,""mean_abs"":0.0,""rmse"":0.0,""relative_l2"":0.0,""cosine"":0.9999999403953552,""actual_nan"":0.0,""reference_nan"":0.0,""actual_inf"":0.0,""reference_inf"":0.0,""allclose"":true,""mismatch_count"":0},""dK"":{""max_abs"":0.0,""mean_abs"":0.0,""rmse"":0.0,""relative_l2"":0.0,""cosine"":1.0,""actual_nan"":0.0,""reference_nan"":0.0,""actual_inf"":0.0,""reference_inf"":0.0,""allclose"":true,""mismatch_count"":0},""dV"":{""max_abs"":0.0,""mean_abs"":0.0,""rmse"":0.0,""relative_l2"":0.0,""cosine"":1.0,""actual_nan"":0.0,""reference_nan"":0.0,""actual_inf"":0.0,""reference_inf"":0.0,""allclose"":true,""mismatch_count"":0}}]",accuracy_only
,True,uniform,tilelang,1,16,8192,0.0,0.0,True,0.0,0.0,True,0.9999920129776001,0.0078125,4.688004992203787e-05,0,0.0,0.0,0.004004147369414568,0.00010613768245093524,0.999991774559021,0.0,0.0,True,0.9999915957450867,0.015625,4.040049680043012e-05,0,0.0,0.0,0.0041291010566055775,0.00031524585210718215,0.015625,4.616009755409323e-05,0,0.0,0.0,0.004068238660693169,0.00014510595065075904,0.0,0.0,True,0.9999934434890747,0.015625,8.060401160037145e-05,0,0.0,0.0,0.0036165013443678617,0.00019381284073460847,0.0,0.0,True,0.0,0.0,True,0.9999964237213135,0.00390625,2.3698725271970034e-05,0,0.0,0.0,0.00267222267575562,7.08837469574064e-05,0.9999966025352478,0.0,0.0,True,0.9999964833259583,0.015625,2.2761571017326787e-05,0,0.0,0.0,0.002604058478027582,0.0002443954872433096,0.015625,2.359459722356405e-05,0,0.0,0.0,0.0026308458764106035,0.00010536982881603763,bfloat16,128,8,,64,0.0,0.0,True,0.9999997019767761,0.001953125,1.0496492905076593e-05,0,0.0,0.0,0.0008499757386744022,5.076715751783922e-05,32,"[{""output"":{""max_abs"":0.0,""mean_abs"":0.0,""rmse"":0.0,""relative_l2"":0.0,""cosine"":1.0,""actual_nan"":0.0,""reference_nan"":0.0,""actual_inf"":0.0,""reference_inf"":0.0,""allclose"":true,""mismatch_count"":0},""dQ"":{""max_abs"":0.0,""mean_abs"":0.0,""rmse"":0.0,""relative_l2"":0.0,""cosine"":1.0,""actual_nan"":0.0,""reference_nan"":0.0,""actual_inf"":0.0,""reference_inf"":0.0,""allclose"":true,""mismatch_count"":0},""dK"":{""max_abs"":0.0,""mean_abs"":0.0,""rmse"":0.0,""relative_l2"":0.0,""cosine"":1.0,""actual_nan"":0.0,""reference_nan"":0.0,""actual_inf"":0.0,""reference_inf"":0.0,""allclose"":true,""mismatch_count"":0},""dV"":{""max_abs"":0.0,""mean_abs"":0.0,""rmse"":0.0,""relative_l2"":0.0,""cosine"":1.0,""actual_nan"":0.0,""reference_nan"":0.0,""actual_inf"":0.0,""reference_inf"":0.0,""allclose"":true,""mismatch_count"":0}},{""output"":{""max_abs"":0.0,""mean_abs"":0.0,""rmse"":0.0,""relative_l2"":0.0,""cosine"":1.0,""actual_nan"":0.0,""reference_nan"":0.0,""actual_inf"":0.0,""reference_inf"":0.0,""allclose"":true,""mismatch_count"":0},""dQ"":{""max_abs"":0.0,""mean_abs"":0.0,""rmse"":0.0,""relative_l2"":0.0,""cosine"":1.0,""actual_nan"":0.0,""reference_nan"":0.0,""actual_inf"":0.0,""reference_inf"":0.0,""allclose"":true,""mismatch_count"":0},""dK"":{""max_abs"":0.0,""mean_abs"":0.0,""rmse"":0.0,""relative_l2"":0.0,""cosine"":1.0,""actual_nan"":0.0,""reference_nan"":0.0,""actual_inf"":0.0,""reference_inf"":0.0,""allclose"":true,""mismatch_count"":0},""dV"":{""max_abs"":0.0,""mean_abs"":0.0,""rmse"":0.0,""relative_l2"":0.0,""cosine"":1.0,""actual_nan"":0.0,""reference_nan"":0.0,""actual_inf"":0.0,""reference_inf"":0.0,""allclose"":true,""mismatch_count"":0}}]",accuracy_only
,True,uniform,flex,1,16,16384,0.0,0.0,True,0.0,0.0,True,0.9999918937683105,0.00390625,2.4192238925024867e-05,0,0.0,0.0,0.004038776736706495,5.516282908502035e-05,0.9999918341636658,0.0,0.0,True,0.9999917149543762,0.015625,3.259533332311548e-05,0,0.0,0.0,0.004056221339851618,0.00031204530387185514,0.015625,2.4686540200491436e-05,0,0.0,0.0,0.0040503814816474915,9.269154543289915e-05,0.0,0.0,True,0.9999933242797852,0.015625,6.228018901310861e-05,0,0.0,0.0,0.003684388007968664,0.0001735680125420913,0.0,0.0,True,0.0,0.0,True,0.9999964237213135,0.001953125,1.198679910885403e-05,0,0.0,0.0,0.002671021968126297,3.6430043110158294e-05,0.9999963641166687,0.0,0.0,True,0.9999963045120239,0.015625,1.877426984719932e-05,0,0.0,0.0,0.002687412081286311,0.0002440141688566655,0.015625,1.2386062735458836e-05,0,0.0,0.0,0.0026830744463950396,6.893188401591033e-05,bfloat16,128,8,,64,0.0,0.0,True,0.9999995827674866,0.001953125,1.8381797417532653e-05,0,0.0,0.0,0.000945699808653444,4.983210237696767e-05,32,"[{""output"":{""max_abs"":0.0,""mean_abs"":0.0,""rmse"":0.0,""relative_l2"":0.0,""cosine"":1.0,""actual_nan"":0.0,""reference_nan"":0.0,""actual_inf"":0.0,""reference_inf"":0.0,""allclose"":true,""mismatch_count"":0},""dQ"":{""max_abs"":0.0,""mean_abs"":0.0,""rmse"":0.0,""relative_l2"":0.0,""cosine"":1.0,""actual_nan"":0.0,""reference_nan"":0.0,""actual_inf"":0.0,""reference_inf"":0.0,""allclose"":true,""mismatch_count"":0},""dK"":{""max_abs"":0.0,""mean_abs"":0.0,""rmse"":0.0,""relative_l2"":0.0,""cosine"":1.0000001192092896,""actual_nan"":0.0,""reference_nan"":0.0,""actual_inf"":0.0,""reference_inf"":0.0,""allclose"":true,""mismatch_count"":0},""dV"":{""max_abs"":0.0,""mean_abs"":0.0,""rmse"":0.0,""relative_l2"":0.0,""cosine"":1.0,""actual_nan"":0.0,""reference_nan"":0.0,""actual_inf"":0.0,""reference_inf"":0.0,""allclose"":true,""mismatch_count"":0}},{""output"":{""max_abs"":0.0,""mean_abs"":0.0,""rmse"":0.0,""relative_l2"":0.0,""cosine"":1.0,""actual_nan"":0.0,""reference_nan"":0.0,""actual_inf"":0.0,""reference_inf"":0.0,""allclose"":true,""mismatch_count"":0},""dQ"":{""max_abs"":0.0,""mean_abs"":0.0,""rmse"":0.0,""relative_l2"":0.0,""cosine"":1.0,""actual_nan"":0.0,""reference_nan"":0.0,""actual_inf"":0.0,""reference_inf"":0.0,""allclose"":true,""mismatch_count"":0},""dK"":{""max_abs"":0.0,""mean_abs"":0.0,""rmse"":0.0,""relative_l2"":0.0,""cosine"":1.0000001192092896,""actual_nan"":0.0,""reference_nan"":0.0,""actual_inf"":0.0,""reference_inf"":0.0,""allclose"":true,""mismatch_count"":0},""dV"":{""max_abs"":0.0,""mean_abs"":0.0,""rmse"":0.0,""relative_l2"":0.0,""cosine"":1.0,""actual_nan"":0.0,""reference_nan"":0.0,""actual_inf"":0.0,""reference_inf"":0.0,""allclose"":true,""mismatch_count"":0}}]",accuracy_only
,True,uniform,sdpa,1,16,16384,0.0,0.0,True,0.0,0.0,True,1.0000001192092896,0.0,0.0,0,0.0,0.0,0.0,0.0,1.0000001192092896,0.0,0.0,True,0.9999999403953552,0.0,0.0,0,0.0,0.0,0.0,0.0,0.0,0.0,0,0.0,0.0,0.0,0.0,0.0,0.0,True,1.0000001192092896,0.000244140625,2.0465564798399782e-09,0,0.0,0.0,8.844975127431098e-06,4.166783753589698e-07,0.0,0.0,True,0.0,0.0,True,1.0000001192092896,0.0,0.0,0,0.0,0.0,0.0,0.0,0.9999999403953552,0.0,0.0,True,1.0,0.0,0.0,0,0.0,0.0,0.0,0.0,0.0,0.0,0,0.0,0.0,0.0,0.0,bfloat16,128,8,,64,0.0,0.0,True,1.0000001192092896,0.0,0.0,0,0.0,0.0,0.0,0.0,32,"[{""output"":{""max_abs"":0.0,""mean_abs"":0.0,""rmse"":0.0,""relative_l2"":0.0,""cosine"":1.0000001192092896,""actual_nan"":0.0,""reference_nan"":0.0,""actual_inf"":0.0,""reference_inf"":0.0,""allclose"":true,""mismatch_count"":0},""dQ"":{""max_abs"":0.000244140625,""mean_abs"":2.171908208836726e-09,""rmse"":4.3966238649773004e-07,""relative_l2"":9.332864465250168e-06,""cosine"":1.0000001192092896,""actual_nan"":0.0,""reference_nan"":0.0,""actual_inf"":0.0,""reference_inf"":0.0,""allclose"":true,""mismatch_count"":0},""dK"":{""max_abs"":0.0,""mean_abs"":0.0,""rmse"":0.0,""relative_l2"":0.0,""cosine"":1.0000001192092896,""actual_nan"":0.0,""reference_nan"":0.0,""actual_inf"":0.0,""reference_inf"":0.0,""allclose"":true,""mismatch_count"":0},""dV"":{""max_abs"":0.0,""mean_abs"":0.0,""rmse"":0.0,""relative_l2"":0.0,""cosine"":0.9999999403953552,""actual_nan"":0.0,""reference_nan"":0.0,""actual_inf"":0.0,""reference_inf"":0.0,""allclose"":true,""mismatch_count"":0}},{""output"":{""max_abs"":0.0,""mean_abs"":0.0,""rmse"":0.0,""relative_l2"":0.0,""cosine"":1.0000001192092896,""actual_nan"":0.0,""reference_nan"":0.0,""actual_inf"":0.0,""reference_inf"":0.0,""allclose"":true,""mismatch_count"":0},""dQ"":{""max_abs"":0.000244140625,""mean_abs"":1.997393361818922e-09,""rmse"":4.106359199340659e-07,""relative_l2"":8.716709999134764e-06,""cosine"":1.0000001192092896,""actual_nan"":0.0,""reference_nan"":0.0,""actual_inf"":0.0,""reference_inf"":0.0,""allclose"":true,""mismatch_count"":0},""dK"":{""max_abs"":0.0,""mean_abs"":0.0,""rmse"":0.0,""relative_l2"":0.0,""cosine"":1.0000001192092896,""actual_nan"":0.0,""reference_nan"":0.0,""actual_inf"":0.0,""reference_inf"":0.0,""allclose"":true,""mismatch_count"":0},""dV"":{""max_abs"":0.0,""mean_abs"":0.0,""rmse"":0.0,""relative_l2"":0.0,""cosine"":0.9999999403953552,""actual_nan"":0.0,""reference_nan"":0.0,""actual_inf"":0.0,""reference_inf"":0.0,""allclose"":true,""mismatch_count"":0}}]",accuracy_only
,True,uniform,triton,1,16,16384,0.0,0.0,True,0.0,0.0,True,0.9999921321868896,0.00390625,2.366557964705862e-05,0,0.0,0.0,0.003973482176661491,5.427101859822869e-05,0.9999921321868896,0.0,0.0,True,0.9999918341636658,0.015625,3.148653559037484e-05,0,0.0,0.0,0.004012196324765682,0.0003086584620177746,0.015625,2.4125636628014036e-05,0,0.0,0.0,0.003999258857220411,9.152162238024175e-05,0.0,0.0,True,0.9999938011169434,0.015625,5.9567217249423265e-05,0,0.0,0.0,0.0035151804331690073,0.0001655968080740422,0.0,0.0,True,0.0,0.0,True,0.999996542930603,0.001953125,1.1984956472588237e-05,0,0.0,0.0,0.002671087859198451,3.6430941690923646e-05,0.9999963641166687,0.0,0.0,True,0.9999963045120239,0.015625,1.8770224414765835e-05,0,0.0,0.0,0.0026872202288359404,0.00024399675021413714,0.015625,1.238409004145069e-05,0,0.0,0.0,0.0026829505804926157,6.892870442243293e-05,bfloat16,128,8,,64,0.0,0.0,True,0.9999998807907104,0.001953125,6.336270871543093e-06,0,0.0,0.0,0.0006537539302371442,3.444849426159635e-05,32,"[{""output"":{""max_abs"":0.0,""mean_abs"":0.0,""rmse"":0.0,""relative_l2"":0.0,""cosine"":1.0,""actual_nan"":0.0,""reference_nan"":0.0,""actual_inf"":0.0,""reference_inf"":0.0,""allclose"":true,""mismatch_count"":0},""dQ"":{""max_abs"":0.0,""mean_abs"":0.0,""rmse"":0.0,""relative_l2"":0.0,""cosine"":0.9999998807907104,""actual_nan"":0.0,""reference_nan"":0.0,""actual_inf"":0.0,""reference_inf"":0.0,""allclose"":true,""mismatch_count"":0},""dK"":{""max_abs"":0.0,""mean_abs"":0.0,""rmse"":0.0,""relative_l2"":0.0,""cosine"":1.0000001192092896,""actual_nan"":0.0,""reference_nan"":0.0,""actual_inf"":0.0,""reference_inf"":0.0,""allclose"":true,""mismatch_count"":0},""dV"":{""max_abs"":0.0,""mean_abs"":0.0,""rmse"":0.0,""relative_l2"":0.0,""cosine"":0.9999998807907104,""actual_nan"":0.0,""reference_nan"":0.0,""actual_inf"":0.0,""reference_inf"":0.0,""allclose"":true,""mismatch_count"":0}},{""output"":{""max_abs"":0.0,""mean_abs"":0.0,""rmse"":0.0,""relative_l2"":0.0,""cosine"":1.0,""actual_nan"":0.0,""reference_nan"":0.0,""actual_inf"":0.0,""reference_inf"":0.0,""allclose"":true,""mismatch_count"":0},""dQ"":{""max_abs"":0.0,""mean_abs"":0.0,""rmse"":0.0,""relative_l2"":0.0,""cosine"":0.9999998807907104,""actual_nan"":0.0,""reference_nan"":0.0,""actual_inf"":0.0,""reference_inf"":0.0,""allclose"":true,""mismatch_count"":0},""dK"":{""max_abs"":0.0,""mean_abs"":0.0,""rmse"":0.0,""relative_l2"":0.0,""cosine"":1.0000001192092896,""actual_nan"":0.0,""reference_nan"":0.0,""actual_inf"":0.0,""reference_inf"":0.0,""allclose"":true,""mismatch_count"":0},""dV"":{""max_abs"":0.0,""mean_abs"":0.0,""rmse"":0.0,""relative_l2"":0.0,""cosine"":0.9999998807907104,""actual_nan"":0.0,""reference_nan"":0.0,""actual_inf"":0.0,""reference_inf"":0.0,""allclose"":true,""mismatch_count"":0}}]",accuracy_only
,True,uniform,tilelang,1,16,16384,0.0,0.0,True,0.0,0.0,True,0.9999921321868896,0.00390625,2.3683063773205504e-05,0,0.0,0.0,0.003977745771408081,5.432925536297262e-05,0.9999918937683105,0.0,0.0,True,0.9999918341636658,0.015625,3.201549770892598e-05,0,0.0,0.0,0.004029071424156427,0.0003099566383752972,0.015625,2.4173205019906163e-05,0,0.0,0.0,0.004011936951428652,9.181176574202254e-05,0.0,0.0,True,0.9999938011169434,0.015625,6.005782779539004e-05,0,0.0,0.0,0.0035294555127620697,0.00016626929573249072,0.0,0.0,True,0.0,0.0,True,0.999996542930603,0.001953125,1.1986340723524336e-05,0,0.0,0.0,0.0026713537517935038,3.6434568755794317e-05,0.9999963641166687,0.0,0.0,True,0.9999963045120239,0.015625,1.8769676898955368e-05,0,0.0,0.0,0.0026872199960052967,0.00024399672111030668,0.015625,1.2385361515043769e-05,0,0.0,0.0,0.002683020196855068,6.893050158396363e-05,bfloat16,128,8,,64,0.0,0.0,True,0.9999998211860657,0.001953125,6.336722435662523e-06,0,0.0,0.0,0.0006539914757013321,3.446100890869275e-05,32,"[{""output"":{""max_abs"":0.0,""mean_abs"":0.0,""rmse"":0.0,""relative_l2"":0.0,""cosine"":1.0,""actual_nan"":0.0,""reference_nan"":0.0,""actual_inf"":0.0,""reference_inf"":0.0,""allclose"":true,""mismatch_count"":0},""dQ"":{""max_abs"":0.0,""mean_abs"":0.0,""rmse"":0.0,""relative_l2"":0.0,""cosine"":1.0,""actual_nan"":0.0,""reference_nan"":0.0,""actual_inf"":0.0,""reference_inf"":0.0,""allclose"":true,""mismatch_count"":0},""dK"":{""max_abs"":0.0,""mean_abs"":0.0,""rmse"":0.0,""relative_l2"":0.0,""cosine"":0.9999999403953552,""actual_nan"":0.0,""reference_nan"":0.0,""actual_inf"":0.0,""reference_inf"":0.0,""allclose"":true,""mismatch_count"":0},""dV"":{""max_abs"":0.0,""mean_abs"":0.0,""rmse"":0.0,""relative_l2"":0.0,""cosine"":1.0000001192092896,""actual_nan"":0.0,""reference_nan"":0.0,""actual_inf"":0.0,""reference_inf"":0.0,""allclose"":true,""mismatch_count"":0}},{""output"":{""max_abs"":0.0,""mean_abs"":0.0,""rmse"":0.0,""relative_l2"":0.0,""cosine"":1.0,""actual_nan"":0.0,""reference_nan"":0.0,""actual_inf"":0.0,""reference_inf"":0.0,""allclose"":true,""mismatch_count"":0},""dQ"":{""max_abs"":0.0,""mean_abs"":0.0,""rmse"":0.0,""relative_l2"":0.0,""cosine"":1.0,""actual_nan"":0.0,""reference_nan"":0.0,""actual_inf"":0.0,""reference_inf"":0.0,""allclose"":true,""mismatch_count"":0},""dK"":{""max_abs"":0.0,""mean_abs"":0.0,""rmse"":0.0,""relative_l2"":0.0,""cosine"":0.9999999403953552,""actual_nan"":0.0,""reference_nan"":0.0,""actual_inf"":0.0,""reference_inf"":0.0,""allclose"":true,""mismatch_count"":0},""dV"":{""max_abs"":0.0,""mean_abs"":0.0,""rmse"":0.0,""relative_l2"":0.0,""cosine"":1.0000001192092896,""actual_nan"":0.0,""reference_nan"":0.0,""actual_inf"":0.0,""reference_inf"":0.0,""allclose"":true,""mismatch_count"":0}}]",accuracy_only
,True,uniform,flex,1,16,32768,0.0,0.0,True,0.0,0.0,True,0.9999919533729553,0.001953125,1.217611315951217e-05,0,0.0,0.0,0.0040335580706596375,2.8022648621117696e-05,0.9999921321868896,0.0,0.0,True,0.9999922513961792,0.015625,2.785599463095423e-05,0,0.0,0.0,0.003973533399403095,0.0003068673249799758,0.015625,1.2651262295548804e-05,0,0.0,0.0,0.003985954448580742,6.01251631451305e-05,0.0,0.0,True,0.9999934434890747,0.015625,4.6982691856101155e-05,0,0.0,0.0,0.0036232932470738888,0.00015428791812155396,0.0,0.0,True,0.0,0.0,True,0.999996542930603,0.001953125,6.003315320413094e-06,0,0.0,0.0,0.002674437826499343,1.8366137737757526e-05,0.9999963045120239,0.0,0.0,True,0.9999962449073792,0.015625,1.6764057363616303e-05,0,0.0,0.0,0.0027347616851329803,0.0002444108249619603,0.015625,6.3293982748291455e-06,0,0.0,0.0,0.0027252649888396263,4.623089262167923e-05,bfloat16,128,8,,64,0.0,0.0,True,0.9999997615814209,0.001953125,1.2701570085482672e-05,0,0.0,0.0,0.0007175733335316181,3.4858134313253686e-05,32,"[{""output"":{""max_abs"":0.0,""mean_abs"":0.0,""rmse"":0.0,""relative_l2"":0.0,""cosine"":0.9999999403953552,""actual_nan"":0.0,""reference_nan"":0.0,""actual_inf"":0.0,""reference_inf"":0.0,""allclose"":true,""mismatch_count"":0},""dQ"":{""max_abs"":0.0,""mean_abs"":0.0,""rmse"":0.0,""relative_l2"":0.0,""cosine"":1.0,""actual_nan"":0.0,""reference_nan"":0.0,""actual_inf"":0.0,""reference_inf"":0.0,""allclose"":true,""mismatch_count"":0},""dK"":{""max_abs"":0.0,""mean_abs"":0.0,""rmse"":0.0,""relative_l2"":0.0,""cosine"":0.9999999403953552,""actual_nan"":0.0,""reference_nan"":0.0,""actual_inf"":0.0,""reference_inf"":0.0,""allclose"":true,""mismatch_count"":0},""dV"":{""max_abs"":0.0,""mean_abs"":0.0,""rmse"":0.0,""relative_l2"":0.0,""cosine"":1.0000001192092896,""actual_nan"":0.0,""reference_nan"":0.0,""actual_inf"":0.0,""reference_inf"":0.0,""allclose"":true,""mismatch_count"":0}},{""output"":{""max_abs"":0.0,""mean_abs"":0.0,""rmse"":0.0,""relative_l2"":0.0,""cosine"":0.9999999403953552,""actual_nan"":0.0,""reference_nan"":0.0,""actual_inf"":0.0,""reference_inf"":0.0,""allclose"":true,""mismatch_count"":0},""dQ"":{""max_abs"":0.0,""mean_abs"":0.0,""rmse"":0.0,""relative_l2"":0.0,""cosine"":1.0,""actual_nan"":0.0,""reference_nan"":0.0,""actual_inf"":0.0,""reference_inf"":0.0,""allclose"":true,""mismatch_count"":0},""dK"":{""max_abs"":0.0,""mean_abs"":0.0,""rmse"":0.0,""relative_l2"":0.0,""cosine"":0.9999999403953552,""actual_nan"":0.0,""reference_nan"":0.0,""actual_inf"":0.0,""reference_inf"":0.0,""allclose"":true,""mismatch_count"":0},""dV"":{""max_abs"":0.0,""mean_abs"":0.0,""rmse"":0.0,""relative_l2"":0.0,""cosine"":1.0000001192092896,""actual_nan"":0.0,""reference_nan"":0.0,""actual_inf"":0.0,""reference_inf"":0.0,""allclose"":true,""mismatch_count"":0}}]",accuracy_only
,True,uniform,sdpa,1,16,32768,0.0,0.0,True,0.0,0.0,True,1.0000001192092896,0.0,0.0,0,0.0,0.0,0.0,0.0,1.0000001192092896,0.0,0.0,True,1.000000238418579,0.0,0.0,0,0.0,0.0,0.0,0.0,0.0,0.0,0,0.0,0.0,0.0,0.0,0.0,0.0,True,1.0,0.000244140625,2.1107156022992513e-09,0,0.0,0.0,9.511389180261176e-06,4.050161805935204e-07,0.0,0.0,True,0.0,0.0,True,1.0000001192092896,0.0,0.0,0,0.0,0.0,0.0,0.0,0.9999997615814209,0.0,0.0,True,0.9999999403953552,0.0,0.0,0,0.0,0.0,0.0,0.0,0.0,0.0,0,0.0,0.0,0.0,0.0,bfloat16,128,8,,64,0.0,0.0,True,1.0,0.0,0.0,0,0.0,0.0,0.0,0.0,32,"[{""output"":{""max_abs"":0.0,""mean_abs"":0.0,""rmse"":0.0,""relative_l2"":0.0,""cosine"":1.0,""actual_nan"":0.0,""reference_nan"":0.0,""actual_inf"":0.0,""reference_inf"":0.0,""allclose"":true,""mismatch_count"":0},""dQ"":{""max_abs"":0.000244140625,""mean_abs"":2.2161819046573328e-09,""rmse"":3.90728501997728e-07,""relative_l2"":9.175857485388406e-06,""cosine"":1.0,""actual_nan"":0.0,""reference_nan"":0.0,""actual_inf"":0.0,""reference_inf"":0.0,""allclose"":true,""mismatch_count"":0},""dK"":{""max_abs"":0.0,""mean_abs"":0.0,""rmse"":0.0,""relative_l2"":0.0,""cosine"":1.0000001192092896,""actual_nan"":0.0,""reference_nan"":0.0,""actual_inf"":0.0,""reference_inf"":0.0,""allclose"":true,""mismatch_count"":0},""dV"":{""max_abs"":0.0,""mean_abs"":0.0,""rmse"":0.0,""relative_l2"":0.0,""cosine"":0.9999997615814209,""actual_nan"":0.0,""reference_nan"":0.0,""actual_inf"":0.0,""reference_inf"":0.0,""allclose"":true,""mismatch_count"":0}},{""output"":{""max_abs"":0.0,""mean_abs"":0.0,""rmse"":0.0,""relative_l2"":0.0,""cosine"":1.0,""actual_nan"":0.0,""reference_nan"":0.0,""actual_inf"":0.0,""reference_inf"":0.0,""allclose"":true,""mismatch_count"":0},""dQ"":{""max_abs"":0.000244140625,""mean_abs"":2.100006835092927e-09,""rmse"":4.1408895867789397e-07,""relative_l2"":9.724453775561415e-06,""cosine"":1.0,""actual_nan"":0.0,""reference_nan"":0.0,""actual_inf"":0.0,""reference_inf"":0.0,""allclose"":true,""mismatch_count"":0},""dK"":{""max_abs"":0.0,""mean_abs"":0.0,""rmse"":0.0,""relative_l2"":0.0,""cosine"":1.0000001192092896,""actual_nan"":0.0,""reference_nan"":0.0,""actual_inf"":0.0,""reference_inf"":0.0,""allclose"":true,""mismatch_count"":0},""dV"":{""max_abs"":0.0,""mean_abs"":0.0,""rmse"":0.0,""relative_l2"":0.0,""cosine"":0.9999997615814209,""actual_nan"":0.0,""reference_nan"":0.0,""actual_inf"":0.0,""reference_inf"":0.0,""allclose"":true,""mismatch_count"":0}}]",accuracy_only
,True,uniform,triton,1,16,32768,0.0,0.0,True,0.0,0.0,True,0.9999921321868896,0.00390625,1.19337919386453e-05,0,0.0,0.0,0.003995311446487904,2.7756936106015928e-05,0.9999921917915344,0.0,0.0,True,0.9999924302101135,0.015625,2.6768555471790023e-05,0,0.0,0.0,0.00391813088208437,0.0003025887126568705,0.015625,1.238333061337471e-05,0,0.0,0.0,0.003934130072593689,5.934343789704144e-05,0.0,0.0,True,0.9999939203262329,0.015625,4.48192295152694e-05,0,0.0,0.0,0.0034741961862891912,0.00014793903392273933,0.0,0.0,True,0.0,0.0,True,0.999996542930603,0.001953125,6.002671398164239e-06,0,0.0,0.0,0.002674312796443701,1.8365280993748456e-05,0.9999963045120239,0.0,0.0,True,0.9999962449073792,0.015625,1.6763939129305072e-05,0,0.0,0.0,0.0027347616851329803,0.0002444108249619603,0.015625,6.328770723484922e-06,0,0.0,0.0,0.002725244965404272,4.623055792762898e-05,bfloat16,128,8,,64,0.0,0.0,True,0.9999998807907104,0.001953125,3.7746847283415264e-06,0,0.0,0.0,0.00047580833779647946,2.3113721908885054e-05,32,"[{""output"":{""max_abs"":0.0,""mean_abs"":0.0,""rmse"":0.0,""relative_l2"":0.0,""cosine"":1.0000001192092896,""actual_nan"":0.0,""reference_nan"":0.0,""actual_inf"":0.0,""reference_inf"":0.0,""allclose"":true,""mismatch_count"":0},""dQ"":{""max_abs"":0.0,""mean_abs"":0.0,""rmse"":0.0,""relative_l2"":0.0,""cosine"":1.0,""actual_nan"":0.0,""reference_nan"":0.0,""actual_inf"":0.0,""reference_inf"":0.0,""allclose"":true,""mismatch_count"":0},""dK"":{""max_abs"":0.0,""mean_abs"":0.0,""rmse"":0.0,""relative_l2"":0.0,""cosine"":1.0,""actual_nan"":0.0,""reference_nan"":0.0,""actual_inf"":0.0,""reference_inf"":0.0,""allclose"":true,""mismatch_count"":0},""dV"":{""max_abs"":0.0,""mean_abs"":0.0,""rmse"":0.0,""relative_l2"":0.0,""cosine"":1.0000001192092896,""actual_nan"":0.0,""reference_nan"":0.0,""actual_inf"":0.0,""reference_inf"":0.0,""allclose"":true,""mismatch_count"":0}},{""output"":{""max_abs"":0.0,""mean_abs"":0.0,""rmse"":0.0,""relative_l2"":0.0,""cosine"":1.0000001192092896,""actual_nan"":0.0,""reference_nan"":0.0,""actual_inf"":0.0,""reference_inf"":0.0,""allclose"":true,""mismatch_count"":0},""dQ"":{""max_abs"":0.0,""mean_abs"":0.0,""rmse"":0.0,""relative_l2"":0.0,""cosine"":1.0,""actual_nan"":0.0,""reference_nan"":0.0,""actual_inf"":0.0,""reference_inf"":0.0,""allclose"":true,""mismatch_count"":0},""dK"":{""max_abs"":0.0,""mean_abs"":0.0,""rmse"":0.0,""relative_l2"":0.0,""cosine"":1.0,""actual_nan"":0.0,""reference_nan"":0.0,""actual_inf"":0.0,""reference_inf"":0.0,""allclose"":true,""mismatch_count"":0},""dV"":{""max_abs"":0.0,""mean_abs"":0.0,""rmse"":0.0,""relative_l2"":0.0,""cosine"":1.0000001192092896,""actual_nan"":0.0,""reference_nan"":0.0,""actual_inf"":0.0,""reference_inf"":0.0,""allclose"":true,""mismatch_count"":0}}]",accuracy_only
,True,uniform,tilelang,1,16,32768,0.0,0.0,True,0.0,0.0,True,0.9999921321868896,0.00390625,1.193735261040274e-05,0,0.0,0.0,0.003997545689344406,2.777245936158579e-05,0.9999920725822449,0.0,0.0,True,0.9999920725822449,0.015625,2.7851441700477153e-05,0,0.0,0.0,0.004019935615360737,0.00031045087962411344,0.015625,1.2419598533597309e-05,0,0.0,0.0,0.004015340935438871,6.056843267288059e-05,0.0,0.0,True,0.9999934434890747,0.015625,4.5520915591623634e-05,0,0.0,0.0,0.003588700434193015,0.00015281487139873207,0.0,0.0,True,0.0,0.0,True,0.999996542930603,0.001953125,6.0035235946998e-06,0,0.0,0.0,0.0026745989453047514,1.8367245502304286e-05,0.9999963641166687,0.0,0.0,True,0.9999962449073792,0.015625,1.6763795429142192e-05,0,0.0,0.0,0.0027347614523023367,0.00024441079585812986,0.015625,6.329592451947974e-06,0,0.0,0.0,0.00272528943605721,4.623131098924205e-05,bfloat16,128,8,,64,0.0,0.0,True,0.9999998807907104,0.001953125,3.7750064620922785e-06,0,0.0,0.0,0.00047583162086084485,2.311485332029406e-05,32,"[{""output"":{""max_abs"":0.0,""mean_abs"":0.0,""rmse"":0.0,""relative_l2"":0.0,""cosine"":1.0000001192092896,""actual_nan"":0.0,""reference_nan"":0.0,""actual_inf"":0.0,""reference_inf"":0.0,""allclose"":true,""mismatch_count"":0},""dQ"":{""max_abs"":0.0,""mean_abs"":0.0,""rmse"":0.0,""relative_l2"":0.0,""cosine"":0.9999999403953552,""actual_nan"":0.0,""reference_nan"":0.0,""actual_inf"":0.0,""reference_inf"":0.0,""allclose"":true,""mismatch_count"":0},""dK"":{""max_abs"":0.0,""mean_abs"":0.0,""rmse"":0.0,""relative_l2"":0.0,""cosine"":1.0,""actual_nan"":0.0,""reference_nan"":0.0,""actual_inf"":0.0,""reference_inf"":0.0,""allclose"":true,""mismatch_count"":0},""dV"":{""max_abs"":0.0,""mean_abs"":0.0,""rmse"":0.0,""relative_l2"":0.0,""cosine"":1.000000238418579,""actual_nan"":0.0,""reference_nan"":0.0,""actual_inf"":0.0,""reference_inf"":0.0,""allclose"":true,""mismatch_count"":0}},{""output"":{""max_abs"":0.0,""mean_abs"":0.0,""rmse"":0.0,""relative_l2"":0.0,""cosine"":1.0000001192092896,""actual_nan"":0.0,""reference_nan"":0.0,""actual_inf"":0.0,""reference_inf"":0.0,""allclose"":true,""mismatch_count"":0},""dQ"":{""max_abs"":0.0,""mean_abs"":0.0,""rmse"":0.0,""relative_l2"":0.0,""cosine"":0.9999999403953552,""actual_nan"":0.0,""reference_nan"":0.0,""actual_inf"":0.0,""reference_inf"":0.0,""allclose"":true,""mismatch_count"":0},""dK"":{""max_abs"":0.0,""mean_abs"":0.0,""rmse"":0.0,""relative_l2"":0.0,""cosine"":1.0,""actual_nan"":0.0,""reference_nan"":0.0,""actual_inf"":0.0,""reference_inf"":0.0,""allclose"":true,""mismatch_count"":0},""dV"":{""max_abs"":0.0,""mean_abs"":0.0,""rmse"":0.0,""relative_l2"":0.0,""cosine"":1.000000238418579,""actual_nan"":0.0,""reference_nan"":0.0,""actual_inf"":0.0,""reference_inf"":0.0,""allclose"":true,""mismatch_count"":0}}]",accuracy_only
,True,uniform,flex,1,16,65536,0.0,0.0,True,0.0,0.0,True,0.9999920129776001,0.001953125,6.093448064348195e-06,0,0.0,0.0,0.004018704406917095,1.4075691979087424e-05,0.9999921321868896,0.0,0.0,True,0.9999920725822449,0.015625,2.682982994883787e-05,0,0.0,0.0,0.00399377616122365,0.00031455548014491796,0.015625,6.41246924715233e-06,0,0.0,0.0,0.003996584098786116,4.1440438508288935e-05,0.0,0.0,True,0.9999933242797852,0.015625,3.661341906990856e-05,0,0.0,0.0,0.003646170487627387,0.00015230898861773312,0.0,0.0,True,0.0,0.0,True,0.9999966025352478,0.0009765625,3.0141040952003095e-06,0,0.0,0.0,0.0026632528752088547,9.328572559752502e-06,0.9999966025352478,0.0,0.0,True,0.9999964833259583,0.015625,1.5547426301054657e-05,0,0.0,0.0,0.002678396413102746,0.0002462099364493042,0.015625,3.2069247026811354e-06,0,0.0,0.0,0.0026771125849336386,3.1910636607790366e-05,bfloat16,128,8,,64,0.0,0.0,True,0.9999998211860657,0.001953125,8.669186172483023e-06,0,0.0,0.0,0.0004954669857397676,2.3643739041290246e-05,32,"[{""output"":{""max_abs"":0.0,""mean_abs"":0.0,""rmse"":0.0,""relative_l2"":0.0,""cosine"":1.0000001192092896,""actual_nan"":0.0,""reference_nan"":0.0,""actual_inf"":0.0,""reference_inf"":0.0,""allclose"":true,""mismatch_count"":0},""dQ"":{""max_abs"":0.0,""mean_abs"":0.0,""rmse"":0.0,""relative_l2"":0.0,""cosine"":1.0,""actual_nan"":0.0,""reference_nan"":0.0,""actual_inf"":0.0,""reference_inf"":0.0,""allclose"":true,""mismatch_count"":0},""dK"":{""max_abs"":0.0,""mean_abs"":0.0,""rmse"":0.0,""relative_l2"":0.0,""cosine"":0.9999999403953552,""actual_nan"":0.0,""reference_nan"":0.0,""actual_inf"":0.0,""reference_inf"":0.0,""allclose"":true,""mismatch_count"":0},""dV"":{""max_abs"":0.0,""mean_abs"":0.0,""rmse"":0.0,""relative_l2"":0.0,""cosine"":1.000000238418579,""actual_nan"":0.0,""reference_nan"":0.0,""actual_inf"":0.0,""reference_inf"":0.0,""allclose"":true,""mismatch_count"":0}},{""output"":{""max_abs"":0.0,""mean_abs"":0.0,""rmse"":0.0,""relative_l2"":0.0,""cosine"":1.0000001192092896,""actual_nan"":0.0,""reference_nan"":0.0,""actual_inf"":0.0,""reference_inf"":0.0,""allclose"":true,""mismatch_count"":0},""dQ"":{""max_abs"":0.0,""mean_abs"":0.0,""rmse"":0.0,""relative_l2"":0.0,""cosine"":1.0,""actual_nan"":0.0,""reference_nan"":0.0,""actual_inf"":0.0,""reference_inf"":0.0,""allclose"":true,""mismatch_count"":0},""dK"":{""max_abs"":0.0,""mean_abs"":0.0,""rmse"":0.0,""relative_l2"":0.0,""cosine"":0.9999999403953552,""actual_nan"":0.0,""reference_nan"":0.0,""actual_inf"":0.0,""reference_inf"":0.0,""allclose"":true,""mismatch_count"":0},""dV"":{""max_abs"":0.0,""mean_abs"":0.0,""rmse"":0.0,""relative_l2"":0.0,""cosine"":1.000000238418579,""actual_nan"":0.0,""reference_nan"":0.0,""actual_inf"":0.0,""reference_inf"":0.0,""allclose"":true,""mismatch_count"":0}}]",accuracy_only
,True,uniform,sdpa,1,16,65536,0.0,0.0,True,0.0,0.0,True,1.0000001192092896,0.0,0.0,0,0.0,0.0,0.0,0.0,1.0000001192092896,0.0,0.0,True,1.0,0.0,0.0,0,0.0,0.0,0.0,0.0,0.0,0.0,0,0.0,0.0,0.0,0.0,0.0,0.0,True,0.9999998807907104,0.000244140625,4.023185340429336e-09,0,0.0,0.0,1.110632365453057e-05,4.639368853531778e-07,0.0,0.0,True,0.0,0.0,True,1.000000238418579,0.0,0.0,0,0.0,0.0,0.0,0.0,1.0000001192092896,0.0,0.0,True,1.0,0.0,0.0,0,0.0,0.0,0.0,0.0,0.0,0.0,0,0.0,0.0,0.0,0.0,bfloat16,128,8,,64,0.0,0.0,True,0.9999998807907104,0.0,0.0,0,0.0,0.0,0.0,0.0,32,"[{""output"":{""max_abs"":0.0,""mean_abs"":0.0,""rmse"":0.0,""relative_l2"":0.0,""cosine"":0.9999998807907104,""actual_nan"":0.0,""reference_nan"":0.0,""actual_inf"":0.0,""reference_inf"":0.0,""allclose"":true,""mismatch_count"":0},""dQ"":{""max_abs"":0.0001220703125,""mean_abs"":3.6619889343114664e-09,""rmse"":4.0768216535980173e-07,""relative_l2"":9.759625754668377e-06,""cosine"":0.9999998807907104,""actual_nan"":0.0,""reference_nan"":0.0,""actual_inf"":0.0,""reference_inf"":0.0,""allclose"":true,""mismatch_count"":0},""dK"":{""max_abs"":0.0,""mean_abs"":0.0,""rmse"":0.0,""relative_l2"":0.0,""cosine"":1.0000001192092896,""actual_nan"":0.0,""reference_nan"":0.0,""actual_inf"":0.0,""reference_inf"":0.0,""allclose"":true,""mismatch_count"":0},""dV"":{""max_abs"":0.0,""mean_abs"":0.0,""rmse"":0.0,""relative_l2"":0.0,""cosine"":1.0000001192092896,""actual_nan"":0.0,""reference_nan"":0.0,""actual_inf"":0.0,""reference_inf"":0.0,""allclose"":true,""mismatch_count"":0}},{""output"":{""max_abs"":0.0,""mean_abs"":0.0,""rmse"":0.0,""relative_l2"":0.0,""cosine"":0.9999998807907104,""actual_nan"":0.0,""reference_nan"":0.0,""actual_inf"":0.0,""reference_inf"":0.0,""allclose"":true,""mismatch_count"":0},""dQ"":{""max_abs"":0.000244140625,""mean_abs"":3.7215626136344326e-09,""rmse"":4.538237305951043e-07,""relative_l2"":1.0864222531381529e-05,""cosine"":0.9999998807907104,""actual_nan"":0.0,""reference_nan"":0.0,""actual_inf"":0.0,""reference_inf"":0.0,""allclose"":true,""mismatch_count"":0},""dK"":{""max_abs"":0.0,""mean_abs"":0.0,""rmse"":0.0,""relative_l2"":0.0,""cosine"":1.0000001192092896,""actual_nan"":0.0,""reference_nan"":0.0,""actual_inf"":0.0,""reference_inf"":0.0,""allclose"":true,""mismatch_count"":0},""dV"":{""max_abs"":0.0,""mean_abs"":0.0,""rmse"":0.0,""relative_l2"":0.0,""cosine"":1.0000001192092896,""actual_nan"":0.0,""reference_nan"":0.0,""actual_inf"":0.0,""reference_inf"":0.0,""allclose"":true,""mismatch_count"":0}}]",accuracy_only
,True,uniform,triton,1,16,65536,0.0,0.0,True,0.0,0.0,True,0.9999921321868896,0.001953125,5.972253347863443e-06,0,0.0,0.0,0.003989160060882568,1.3972211490909103e-05,0.999991774559021,0.0,0.0,True,0.9999915957450867,0.015625,2.711761771934107e-05,0,0.0,0.0,0.0041033304296433926,0.00032318412559106946,0.015625,6.297566415014444e-06,0,0.0,0.0,0.0040906621143221855,4.2415929783601314e-05,0.0,0.0,True,0.999993622303009,0.015625,3.5077904612990096e-05,0,0.0,0.0,0.0035554771311581135,0.00014852051390334964,0.0,0.0,True,0.0,0.0,True,0.999996542930603,0.0009765625,3.0139926820993423e-06,0,0.0,0.0,0.0026629925705492496,9.327661246061325e-06,0.9999964237213135,0.0,0.0,True,0.9999964833259583,0.015625,1.554704795125872e-05,0,0.0,0.0,0.002678396413102746,0.0002462099364493042,0.015625,3.2068087421066593e-06,0,0.0,0.0,0.002677090233191848,3.191037103533745e-05,bfloat16,128,8,,64,0.0,0.0,True,1.0,0.001953125,2.1387577362474985e-06,0,0.0,0.0,0.00030550744850188494,1.4578849004465155e-05,32,"[{""output"":{""max_abs"":0.0,""mean_abs"":0.0,""rmse"":0.0,""relative_l2"":0.0,""cosine"":1.0,""actual_nan"":0.0,""reference_nan"":0.0,""actual_inf"":0.0,""reference_inf"":0.0,""allclose"":true,""mismatch_count"":0},""dQ"":{""max_abs"":0.0,""mean_abs"":0.0,""rmse"":0.0,""relative_l2"":0.0,""cosine"":0.9999998807907104,""actual_nan"":0.0,""reference_nan"":0.0,""actual_inf"":0.0,""reference_inf"":0.0,""allclose"":true,""mismatch_count"":0},""dK"":{""max_abs"":0.0,""mean_abs"":0.0,""rmse"":0.0,""relative_l2"":0.0,""cosine"":0.9999999403953552,""actual_nan"":0.0,""reference_nan"":0.0,""actual_inf"":0.0,""reference_inf"":0.0,""allclose"":true,""mismatch_count"":0},""dV"":{""max_abs"":0.0,""mean_abs"":0.0,""rmse"":0.0,""relative_l2"":0.0,""cosine"":1.000000238418579,""actual_nan"":0.0,""reference_nan"":0.0,""actual_inf"":0.0,""reference_inf"":0.0,""allclose"":true,""mismatch_count"":0}},{""output"":{""max_abs"":0.0,""mean_abs"":0.0,""rmse"":0.0,""relative_l2"":0.0,""cosine"":1.0,""actual_nan"":0.0,""reference_nan"":0.0,""actual_inf"":0.0,""reference_inf"":0.0,""allclose"":true,""mismatch_count"":0},""dQ"":{""max_abs"":0.0,""mean_abs"":0.0,""rmse"":0.0,""relative_l2"":0.0,""cosine"":0.9999998807907104,""actual_nan"":0.0,""reference_nan"":0.0,""actual_inf"":0.0,""reference_inf"":0.0,""allclose"":true,""mismatch_count"":0},""dK"":{""max_abs"":0.0,""mean_abs"":0.0,""rmse"":0.0,""relative_l2"":0.0,""cosine"":0.9999999403953552,""actual_nan"":0.0,""reference_nan"":0.0,""actual_inf"":0.0,""reference_inf"":0.0,""allclose"":true,""mismatch_count"":0},""dV"":{""max_abs"":0.0,""mean_abs"":0.0,""rmse"":0.0,""relative_l2"":0.0,""cosine"":1.000000238418579,""actual_nan"":0.0,""reference_nan"":0.0,""actual_inf"":0.0,""reference_inf"":0.0,""allclose"":true,""mismatch_count"":0}}]",accuracy_only
,True,uniform,tilelang,1,16,65536,0.0,0.0,True,0.0,0.0,True,0.9999922513961792,0.001953125,5.97299549554009e-06,0,0.0,0.0,0.003989346791058779,1.397286632709438e-05,0.9999913573265076,0.0,0.0,True,0.9999909996986389,0.015625,2.8014974304824136e-05,0,0.0,0.0,0.004219412803649902,0.00033232694840990007,0.015625,6.3121033235802315e-06,0,0.0,0.0,0.004194194916635752,4.348945367382839e-05,0.0,0.0,True,0.9999932050704956,0.015625,3.5650180507218465e-05,0,0.0,0.0,0.0036686209496110678,0.00015324680134654045,0.0,0.0,True,0.0,0.0,True,0.9999966621398926,0.0009765625,3.0140975013637217e-06,0,0.0,0.0,0.0026629965286701918,9.327674888481852e-06,0.9999963641166687,0.0,0.0,True,0.9999964833259583,0.015625,1.5543946574325673e-05,0,0.0,0.0,0.0026779063045978546,0.0002461648837197572,0.015625,3.2068642212834675e-06,0,0.0,0.0,0.0026766418013721704,3.190502684446983e-05,bfloat16,128,8,,64,0.0,0.0,True,1.0,0.001953125,2.1392363578343065e-06,0,0.0,0.0,0.0003055478155147284,1.4580776223738212e-05,32,"[{""output"":{""max_abs"":0.0,""mean_abs"":0.0,""rmse"":0.0,""relative_l2"":0.0,""cosine"":1.0000001192092896,""actual_nan"":0.0,""reference_nan"":0.0,""actual_inf"":0.0,""reference_inf"":0.0,""allclose"":true,""mismatch_count"":0},""dQ"":{""max_abs"":0.0,""mean_abs"":0.0,""rmse"":0.0,""relative_l2"":0.0,""cosine"":1.0,""actual_nan"":0.0,""reference_nan"":0.0,""actual_inf"":0.0,""reference_inf"":0.0,""allclose"":true,""mismatch_count"":0},""dK"":{""max_abs"":0.0,""mean_abs"":0.0,""rmse"":0.0,""relative_l2"":0.0,""cosine"":1.0,""actual_nan"":0.0,""reference_nan"":0.0,""actual_inf"":0.0,""reference_inf"":0.0,""allclose"":true,""mismatch_count"":0},""dV"":{""max_abs"":0.0,""mean_abs"":0.0,""rmse"":0.0,""relative_l2"":0.0,""cosine"":1.0000001192092896,""actual_nan"":0.0,""reference_nan"":0.0,""actual_inf"":0.0,""reference_inf"":0.0,""allclose"":true,""mismatch_count"":0}},{""output"":{""max_abs"":0.0,""mean_abs"":0.0,""rmse"":0.0,""relative_l2"":0.0,""cosine"":1.0000001192092896,""actual_nan"":0.0,""reference_nan"":0.0,""actual_inf"":0.0,""reference_inf"":0.0,""allclose"":true,""mismatch_count"":0},""dQ"":{""max_abs"":0.0,""mean_abs"":0.0,""rmse"":0.0,""relative_l2"":0.0,""cosine"":1.0,""actual_nan"":0.0,""reference_nan"":0.0,""actual_inf"":0.0,""reference_inf"":0.0,""allclose"":true,""mismatch_count"":0},""dK"":{""max_abs"":0.0,""mean_abs"":0.0,""rmse"":0.0,""relative_l2"":0.0,""cosine"":1.0,""actual_nan"":0.0,""reference_nan"":0.0,""actual_inf"":0.0,""reference_inf"":0.0,""allclose"":true,""mismatch_count"":0},""dV"":{""max_abs"":0.0,""mean_abs"":0.0,""rmse"":0.0,""relative_l2"":0.0,""cosine"":1.0000001192092896,""actual_nan"":0.0,""reference_nan"":0.0,""actual_inf"":0.0,""reference_inf"":0.0,""allclose"":true,""mismatch_count"":0}}]",accuracy_only
